House_Type,Family_Members,Number_of_Rooms,Daily_Appliance_Usage_Count,AC_Usage_Hours,Fan_Usage_Hours,Refrigerator_Usage_Hours,Washing_Machine_Usage_Hours,Water_Motor_Usage_Hours,Lighting_Hours,Outdoor_Temperature_C,Day_of_Week,Season,Is_Holiday,Daily_Electricity_Consumption_kWh
Apartment,2,3,5,3.38,10.81,24,0.0,0.91,5.37,39.6,Friday,Summer,0,11.63
Villa,2,7,7,8.4,10.75,24,0.61,1.32,5.11,33.9,Sunday,Summer,1,21.49
Apartment,2,4,4,4.68,8.62,24,0.0,1.47,4.99,32.9,Wednesday,Summer,0,12.66
Apartment,7,4,8,10.95,8.91,24,0.84,2.16,5.6,33.8,Tuesday,Summer,1,28.13
Independent House,2,4,14,5.53,9.08,24,0.0,1.4,8.31,39.6,Wednesday,Summer,0,13.48
Apartment,2,3,13,1.46,0.0,24,0.0,2.02,7.08,11.1,Friday,Winter,0,7.12
Apartment,4,3,5,1.87,0.0,24,1.62,2.87,8.18,9.6,Saturday,Winter,1,12.53
Apartment,7,3,14,10.1,7.52,24,1.12,0.57,6.68,38.4,Friday,Summer,0,27.88
Independent House,3,6,4,7.98,10.34,24,0.0,1.07,7.71,38.6,Monday,Summer,0,19.18
Apartment,6,4,8,8.57,10.32,24,0.0,2.08,6.67,37.6,Sunday,Summer,1,23.6
Apartment,6,3,11,6.32,6.81,24,0.0,0.92,5.5,39.7,Friday,Summer,0,14.39
Villa,3,8,14,5.25,7.2,24,1.01,1.34,6.63,21.9,Sunday,Spring/Autumn,1,17.87
Apartment,1,2,11,0.04,3.82,24,0.0,1.19,5.54,10.9,Saturday,Winter,1,5.54
Apartment,4,2,9,1.63,0.99,24,0.0,0.83,5.29,15.6,Friday,Winter,0,7.37
Apartment,4,3,4,6.57,9.66,24,0.0,2.22,3.04,37.5,Monday,Summer,0,16.62
Apartment,1,4,13,0.36,2.81,24,,1.85,3.58,13.2,Friday,Winter,0,5.75
Villa,3,9,9,3.28,3.32,24,0.79,1.98,9.08,22.3,Saturday,Spring/Autumn,1,14.37
Independent House,1,4,5,8.31,11.07,24,2.14,1.68,5.32,38.6,Thursday,Summer,0,18.08
Villa,5,8,11,9.16,7.3,24,0.77,1.59,8.7,34.9,Thursday,Summer,0,21.9
Apartment,2,4,13,0.0,4.66,24,1.14,1.5,6.49,20.1,Sunday,Spring/Autumn,1,6.98
Independent House,3,4,13,0.43,1.88,24,0.94,1.78,4.95,7.8,Wednesday,Winter,0,6.64
Apartment,4,4,4,1.74,12.42,24,1.07,0.99,5.07,29.1,Saturday,Spring/Autumn,1,10.24
Independent House,6,6,11,1.94,5.68,24,0.94,1.29,7.68,22.5,Friday,Spring/Autumn,0,10.53
Independent House,4,4,9,0.0,4.44,24,0.0,0.6,7.39,14.8,Monday,Winter,0,5.3
Independent House,2,4,8,9.94,9.86,24,0.0,1.26,7.35,35.2,Saturday,Summer,1,20.6
Apartment,7,2,9,3.98,5.34,24,0.0,0.2,3.59,23.2,Wednesday,Spring/Autumn,0,11.51
Villa,4,6,14,4.21,4.79,24,1.19,1.49,7.29,27.5,Thursday,Spring/Autumn,0,14.42
Apartment,4,2,9,7.84,6.47,24,0.7,0.47,5.46,38.1,Friday,Summer,0,18.72
Independent House,4,5,11,4.13,10.54,24,0.0,1.09,7.26,42.1,Thursday,Summer,0,13.63
Independent House,1,5,9,1.11,2.84,24,2.96,2.04,6.72,13.5,Thursday,Winter,0,8.43
Apartment,2,3,7,0.0,6.83,24,,0.98,3.11,19.7,Sunday,Spring/Autumn,1,6.05
Apartment,2,3,8,4.56,11.68,24,0.99,1.48,3.71,34.3,Thursday,Summer,0,12.47
Apartment,4,4,10,5.07,10.77,24,0.0,1.85,6.15,41.9,Monday,Summer,0,14.94
Apartment,2,3,4,0.68,3.43,24,0.0,1.28,2.34,16.3,Saturday,Winter,1,6.47
Apartment,4,4,12,3.45,3.31,24,0.0,1.58,7.13,19.8,Sunday,Spring/Autumn,1,13.05
Independent House,7,3,5,9.23,5.9,24,0.0,0.96,4.23,35.7,Thursday,Summer,0,21.65
Apartment,1,3,6,0.09,1.45,24,0.0,0.95,8.18,9.7,Tuesday,Winter,0,5.18
Apartment,4,4,5,1.68,0.0,24,0.0,1.25,6.14,14.8,Saturday,Winter,1,7.65
Apartment,6,3,8,5.96,12.53,24,1.02,1.06,7.54,42.5,Wednesday,Summer,0,16.27
Villa,3,6,5,1.69,5.91,24,0.0,0.99,6.54,30.4,Friday,Spring/Autumn,0,8.87
Independent House,6,6,10,3.2,8.25,24,0.0,1.99,6.37,27.3,Saturday,Spring/Autumn,1,13.63
Apartment,7,2,8,5.85,7.29,24,0.0,1.41,8.36,40.7,Friday,Summer,0,18.5
Independent House,7,6,12,11.61,11.11,24,0.5,2.01,5.86,35.2,Sunday,Summer,1,29.99
Apartment,6,4,13,5.99,8.97,24,0.0,0.8,9.42,39.2,Wednesday,Summer,0,17.68
Apartment,5,2,10,0.0,2.68,24,0.0,1.07,2.76,16.4,Thursday,Winter,0,5.22
Apartment,5,3,14,1.83,0.09,24,0.0,1.97,7.22,10.3,Sunday,Winter,1,9.94
Independent House,3,5,10,0.17,5.0,24,1.11,1.35,6.27,9.4,Tuesday,Winter,0,6.47
Apartment,1,4,10,1.23,8.55,24,0.91,1.0,5.29,21.3,Wednesday,Spring/Autumn,0,8.31
Apartment,7,2,11,1.34,1.32,24,0.0,1.01,,19.8,Saturday,Winter,1,8.51
Villa,6,6,6,2.12,5.04,24,0.0,2.87,6.31,19.7,Monday,Spring/Autumn,0,11.4
Independent House,6,5,11,7.22,12.0,24,1.11,1.63,6.51,36.7,Friday,Summer,0,22.11
Apartment,2,2,10,0.0,2.28,24,0.0,1.67,5.89,16.0,Thursday,Winter,0,4.97
Villa,3,5,9,0.0,0.64,24,0.0,1.88,8.75,7.8,Saturday,Winter,1,6.61
Apartment,6,2,8,5.59,10.72,24,0.72,1.24,7.9,41.0,Monday,Summer,0,16.94
Apartment,3,3,12,4.74,8.87,24,0.0,1.11,6.7,44.1,Monday,Summer,0,11.73
Independent House,1,4,6,0.0,5.78,24,0.63,1.46,6.42,14.3,Saturday,Spring/Autumn,1,5.99
Villa,5,6,13,0.0,4.89,24,0.8,1.95,5.98,5.3,Friday,Winter,0,7.12
Independent House,2,5,14,0.34,0.48,24,1.5,1.67,7.28,8.4,Tuesday,Winter,0,7.16
Independent House,4,6,14,2.04,6.24,24,0.8,1.26,9.01,30.3,Tuesday,Spring/Autumn,0,10.16
Independent House,1,3,8,1.54,4.96,24,0.0,1.15,3.54,25.8,Friday,Spring/Autumn,0,7.43
Independent House,6,5,10,1.97,2.9,24,0.0,1.21,6.96,10.4,Monday,Winter,0,10.31
Apartment,3,4,4,3.34,3.63,24,0.0,1.56,4.81,12.7,Monday,Winter,0,10.55
Independent House,1,4,14,8.41,13.7,24,0.0,1.19,7.11,41.9,Thursday,Summer,0,16.56
Independent House,7,6,13,0.18,1.04,24,0.0,1.81,5.24,19.2,Thursday,Winter,0,7.32
Independent House,2,3,10,2.05,4.9,24,0.0,1.32,4.68,23.6,Sunday,Spring/Autumn,1,9.19
Apartment,4,2,6,10.01,12.66,24,0.95,1.86,5.91,35.9,Tuesday,Summer,0,24.78
Apartment,3,3,6,2.11,0.44,24,1.06,1.42,7.29,13.5,Thursday,Winter,0,8.41
Apartment,6,2,5,0.0,0.43,24,0.0,1.09,3.16,14.5,Friday,Winter,0,5.34
Independent House,1,5,5,0.0,7.63,24,0.0,1.56,6.15,15.9,Friday,Spring/Autumn,0,6.52
Independent House,6,4,6,8.08,8.27,24,0.0,1.96,7.52,29.7,Wednesday,Summer,1,19.99
Apartment,2,4,9,8.01,9.75,24,1.1,0.99,5.83,35.9,Thursday,Summer,0,17.89
Villa,2,8,4,1.89,5.81,24,0.0,2.74,8.67,20.4,Thursday,Spring/Autumn,0,11.16
Villa,5,8,12,0.0,1.51,24,0.0,3.43,7.89,9.5,Friday,Winter,0,8.77
Apartment,7,3,13,7.29,9.22,24,1.02,1.5,7.75,35.2,Friday,Summer,0,18.48
Apartment,5,2,11,3.19,4.93,24,,0.81,5.43,25.7,Friday,Spring/Autumn,0,11.42
Independent House,4,3,7,1.71,2.01,24,0.82,1.95,6.77,19.9,Sunday,Spring/Autumn,1,10.15
Apartment,2,3,6,0.0,6.14,24,0.99,1.41,7.54,22.3,Saturday,Spring/Autumn,1,6.37
Villa,5,6,11,0.72,3.85,24,1.33,1.08,5.51,11.5,Tuesday,Winter,0,7.31
Independent House,4,5,8,7.25,15.31,24,0.0,2.09,7.2,32.2,Monday,Summer,0,20.87
Independent House,1,4,4,0.48,3.68,24,0.0,1.31,6.96,3.7,Saturday,Winter,1,6.42
Apartment,5,3,14,7.22,11.1,24,0.0,1.65,5.72,30.7,Monday,Summer,0,18.13
Apartment,2,2,6,1.76,1.17,24,0.0,2.48,8.39,5.9,Saturday,Winter,1,9.93
Independent House,7,3,9,1.12,2.43,24,0.0,1.25,5.83,12.3,Monday,Winter,0,7.5
Independent House,7,5,10,6.03,9.36,24,0.0,1.71,6.22,35.4,Thursday,Summer,0,17.93
Apartment,5,4,11,1.31,4.77,24,0.0,1.93,5.53,17.2,Monday,Spring/Autumn,0,9.06
Independent House,3,6,8,1.22,3.9,24,1.33,2.02,5.76,25.8,Monday,Spring/Autumn,0,8.48
Apartment,6,2,8,12.48,11.06,24,0.83,1.41,4.12,33.0,Sunday,Summer,1,30.03
Villa,5,9,13,11.19,9.21,24,0.0,2.69,7.68,40.8,Sunday,Summer,1,29.78
Apartment,5,3,5,1.41,2.03,24,0.72,1.17,6.41,16.1,Wednesday,Spring/Autumn,0,7.75
Apartment,4,4,5,0.0,1.95,24,1.12,1.8,4.6,15.5,Tuesday,Winter,0,6.7
Independent House,6,4,6,8.08,8.27,24,0.0,1.96,7.52,29.7,Wednesday,Summer,1,19.99
Apartment,1,3,12,3.64,2.62,24,1.05,2.06,4.53,24.2,Monday,Spring/Autumn,0,10.86
Apartment,1,2,7,9.15,8.74,24,0.0,1.05,4.9,41.8,Thursday,Summer,0,18.5
Apartment,2,4,7,1.66,0.0,24,0.0,2.13,4.01,32.5,Saturday,Spring/Autumn,1,8.14
Villa,2,8,5,10.33,10.8,24,0.82,1.37,5.24,35.1,Thursday,Summer,0,22.14
Apartment,2,2,4,0.7,4.88,24,0.0,1.02,5.06,3.0,Thursday,Winter,0,5.91
Apartment,6,2,7,7.75,8.82,24,1.12,1.66,4.28,43.6,Saturday,Summer,1,23.05
Apartment,2,4,10,5.5,9.36,24,0.97,1.0,6.1,38.9,Monday,Summer,0,14.14
Apartment,1,2,6,7.8,10.58,24,0.0,0.99,5.15,38.0,Friday,Summer,0,16.29
Independent House,2,6,7,0.0,2.3,24,1.05,1.56,5.75,15.6,Thursday,Winter,0,6.44
Apartment,6,4,9,6.98,9.65,24,0.0,2.07,7.27,38.9,Monday,Summer,0,22.72
Apartment,5,2,9,7.77,15.68,24,0.0,2.02,4.44,40.3,Tuesday,Summer,1,22.04
Apartment,1,2,5,8.77,11.47,24,0.59,1.06,5.21,28.3,Monday,Summer,0,19.18
Apartment,7,3,8,0.0,2.38,24,1.16,1.7,8.01,13.2,Wednesday,Winter,0,7.21
Apartment,3,2,11,3.01,10.53,24,1.07,1.56,4.18,35.4,Thursday,Summer,0,11.78
Apartment,4,2,8,6.34,7.98,24,1.12,1.61,7.7,36.3,Monday,Summer,0,15.92
Apartment,5,2,13,0.0,1.39,24,0.6,1.32,4.86,10.0,Sunday,Winter,1,6.68
Apartment,3,2,9,6.75,11.5,24,0.0,1.95,5.74,41.3,Thursday,Summer,0,15.88
Apartment,2,2,10,0.0,2.29,24,0.78,1.75,5.08,9.3,Monday,Winter,0,5.02
Apartment,3,2,8,8.48,9.1,24,0.0,1.59,2.12,37.5,Thursday,Summer,0,17.86
Independent House,5,5,7,8.58,9.53,24,2.54,1.67,4.92,44.2,Thursday,Summer,0,22.11
Independent House,7,4,8,0.95,5.52,24,1.1,1.63,5.45,25.9,Saturday,Spring/Autumn,1,8.49
Apartment,5,2,12,5.7,8.64,24,0.0,0.44,2.81,48.4,Wednesday,Summer,0,14.82
Apartment,2,4,14,5.04,15.51,24,1.78,1.25,6.53,31.2,Monday,Summer,0,13.63
Independent House,1,6,8,1.7,3.41,24,0.63,2.14,8.59,25.0,Monday,Spring/Autumn,0,8.81
Apartment,4,4,6,0.14,2.95,24,0.9,1.07,4.36,13.3,Wednesday,Winter,0,6.17
Apartment,4,2,14,0.0,0.49,24,0.0,1.38,7.06,9.8,Tuesday,Winter,0,5.44
Apartment,3,2,14,1.22,5.67,24,0.81,1.74,7.0,21.5,Monday,Spring/Autumn,0,8.58
Apartment,5,3,13,0.51,2.7,24,0.0,1.57,3.97,9.1,Sunday,Winter,1,7.08
Apartment,7,3,4,9.49,8.86,24,1.19,1.46,5.58,37.3,Tuesday,Summer,0,22.46
Apartment,4,2,7,0.0,2.7,24,0.0,0.32,5.83,8.4,Saturday,Winter,1,5.19
Apartment,4,3,4,10.54,9.28,24,0.52,1.44,4.54,39.1,Wednesday,Summer,0,23.6
Villa,2,8,12,2.49,7.49,24,2.73,0.88,7.54,24.7,Saturday,Spring/Autumn,1,12.21
Apartment,1,3,6,0.18,10.32,24,0.0,0.37,5.19,30.3,Friday,Spring/Autumn,0,4.61
Apartment,5,3,4,7.13,10.21,24,0.0,1.38,7.81,42.6,Thursday,Summer,0,17.34
Apartment,7,2,9,0.0,2.66,24,0.0,1.8,6.3,14.9,Thursday,Winter,0,6.45
Apartment,3,4,12,8.16,9.87,24,0.0,1.17,7.19,33.2,Tuesday,Summer,0,19.22
Independent House,1,4,14,2.98,9.09,24,1.17,1.44,6.77,30.4,Monday,Spring/Autumn,0,10.83
Apartment,7,4,10,0.0,4.31,24,1.78,1.95,4.77,5.3,Friday,Winter,0,7.66
Apartment,2,4,11,0.23,3.27,24,0.0,0.34,5.5,13.9,Sunday,Winter,1,5.12
Independent House,4,5,6,5.66,11.9,24,2.22,1.32,7.96,42.7,Tuesday,Summer,0,17.41
Apartment,2,3,10,6.13,8.53,24,0.0,1.01,3.58,44.4,Monday,Summer,0,12.96
Independent House,4,6,10,7.52,10.66,24,0.0,2.0,5.28,41.7,Tuesday,Summer,0,21.09
Apartment,3,3,10,0.0,1.87,24,0.0,1.31,9.76,13.9,Monday,Winter,1,6.1
Apartment,7,4,4,1.37,2.63,24,1.0,1.06,3.48,24.8,Wednesday,Spring/Autumn,0,9.79
Independent House,4,6,11,0.26,0.0,24,0.0,2.07,8.31,5.7,Thursday,Winter,0,6.82
Independent House,2,6,7,7.94,10.88,24,0.0,1.47,6.01,40.7,Tuesday,Summer,0,17.4
Independent House,1,4,12,0.0,5.18,24,0.88,1.24,6.16,29.1,Tuesday,Spring/Autumn,0,6.0
Independent House,1,4,10,4.43,11.23,24,1.82,1.66,5.92,41.6,Thursday,Summer,0,11.6
Apartment,2,3,8,7.12,6.25,24,0.0,1.29,6.07,22.2,Friday,Spring/Autumn,0,18.23
Villa,2,5,6,2.34,5.5,24,0.0,0.83,4.14,24.5,Saturday,Spring/Autumn,1,8.71
Villa,2,8,4,12.59,10.23,24,1.11,2.58,5.87,39.0,Sunday,Summer,1,26.0
Independent House,6,5,5,0.0,3.51,24,0.0,2.2,4.81,11.1,Sunday,Winter,1,6.99
Independent House,2,3,10,0.0,1.19,24,0.62,1.17,5.79,13.9,Sunday,Winter,1,5.84
Villa,1,6,11,1.24,7.26,24,0.53,0.58,7.06,19.4,Tuesday,Spring/Autumn,0,7.09
Independent House,5,4,12,0.0,6.93,24,0.0,1.38,5.29,25.2,Friday,Spring/Autumn,0,6.79
Independent House,1,6,13,1.01,1.97,24,0.69,0.84,5.3,11.2,Monday,Winter,0,6.39
Independent House,7,3,13,1.11,9.3,24,,1.29,5.86,23.3,Wednesday,Spring/Autumn,0,8.66
Apartment,5,2,8,6.52,8.11,24,0.0,1.41,7.22,32.7,Tuesday,Summer,0,15.97
Villa,4,6,10,2.63,5.45,24,0.56,1.07,7.29,29.0,Saturday,Spring/Autumn,1,10.87
Independent House,6,6,14,0.0,3.73,24,0.96,2.29,6.27,15.9,Thursday,Winter,0,8.07
Independent House,2,4,9,0.03,0.59,24,,1.55,6.38,10.4,Tuesday,Winter,0,5.33
Independent House,5,3,7,2.63,6.21,24,0.0,1.49,3.44,27.4,Tuesday,Spring/Autumn,0,10.87
Apartment,4,4,10,0.04,8.7,24,0.66,1.76,7.15,20.4,Thursday,Spring/Autumn,0,6.81
Independent House,3,5,10,6.97,9.46,24,0.0,1.18,6.9,36.6,Thursday,Summer,0,16.82
Independent House,6,4,11,0.57,1.16,24,1.1,1.43,5.13,17.3,Thursday,Winter,0,7.28
Independent House,7,6,6,8.81,8.83,24,0.0,1.71,5.84,40.4,Sunday,Summer,1,23.79
Villa,2,9,10,0.29,3.69,24,0.0,1.86,9.72,,Sunday,Winter,1,9.18
Apartment,3,3,6,0.0,1.36,24,0.85,0.78,6.73,7.8,Wednesday,Winter,0,5.44
Apartment,1,3,5,6.71,12.25,24,0.0,1.49,7.52,43.3,Friday,Summer,0,14.74
Apartment,1,4,14,0.58,2.89,24,1.21,2.11,4.2,12.2,Thursday,Winter,0,6.61
Independent House,7,6,9,5.71,4.22,24,0.0,1.75,4.32,30.8,Thursday,Summer,0,17.72
Villa,7,8,5,3.2,5.62,24,0.0,2.11,7.86,21.8,Sunday,Spring/Autumn,1,15.23
Apartment,4,4,8,1.35,8.53,24,0.0,0.57,1.34,28.6,Wednesday,Spring/Autumn,0,7.43
Apartment,1,4,9,0.66,1.35,24,0.0,1.22,5.12,14.6,Thursday,Winter,0,5.55
Villa,6,8,13,0.47,0.78,24,0.0,2.91,7.66,13.2,Sunday,Winter,1,10.47
Independent House,5,3,14,7.5,10.65,24,0.0,2.14,6.82,36.6,Monday,Summer,0,19.49
Independent House,1,4,9,0.0,8.5,24,0.0,0.66,8.74,19.5,Thursday,Spring/Autumn,0,5.28
Apartment,1,3,11,7.44,10.92,24,0.0,1.15,6.2,34.8,Monday,Summer,0,14.52
Apartment,6,2,8,3.19,6.99,24,1.1,1.88,4.11,11.4,Thursday,Spring/Autumn,0,12.93
Independent House,6,3,7,1.94,10.04,24,0.0,1.41,5.24,26.2,Thursday,Spring/Autumn,1,10.71
Independent House,6,3,9,2.29,8.77,24,0.0,1.03,4.2,33.5,Tuesday,Spring/Autumn,0,10.54
Independent House,3,5,5,1.08,9.23,24,0.87,1.11,3.2,26.0,Wednesday,Spring/Autumn,0,7.65
Apartment,6,2,9,10.25,10.75,24,0.0,1.75,4.28,31.6,Saturday,Summer,1,25.51
Independent House,7,4,10,4.0,1.2,24,0.0,1.3,7.28,7.3,Friday,Winter,0,13.0
Villa,3,8,14,5.25,7.2,24,1.01,1.34,6.63,21.9,Sunday,Spring/Autumn,1,17.87
Apartment,7,4,4,1.95,7.66,24,0.0,0.95,7.03,26.5,Saturday,Spring/Autumn,1,10.54
Villa,1,9,12,1.18,0.0,24,,1.52,5.79,14.2,Saturday,Winter,1,8.04
Independent House,2,3,4,6.68,8.93,24,0.0,1.3,6.21,33.9,Tuesday,Summer,0,13.74
Villa,4,5,10,2.52,9.45,24,0.0,0.65,5.75,40.5,Monday,Summer,0,10.02
Villa,2,6,14,1.32,1.03,24,0.0,1.4,7.28,2.3,Sunday,Winter,1,7.06
Independent House,7,4,14,8.38,10.4,24,1.3,1.93,4.57,47.6,Saturday,Summer,1,26.99
Apartment,7,2,5,7.7,6.04,24,0.0,1.22,3.73,32.5,Monday,Summer,0,19.62
Independent House,4,5,12,10.08,10.07,24,2.3,1.85,9.14,30.5,Tuesday,Summer,1,29.08
Apartment,1,2,8,8.41,10.95,24,1.0,1.09,,33.8,Monday,Summer,1,16.53
Independent House,5,6,8,3.65,4.49,24,0.66,2.12,8.66,26.7,Thursday,Spring/Autumn,0,15.48
Apartment,1,4,14,8.4,9.52,24,1.24,0.95,6.99,39.1,Sunday,Summer,1,19.31
Independent House,2,6,10,0.58,0.54,24,0.0,1.93,6.06,17.0,Thursday,Winter,0,6.66
Independent House,3,4,13,5.26,5.67,24,1.06,0.94,5.34,31.5,Thursday,Summer,0,14.06
Villa,6,7,9,8.77,7.62,24,0.64,1.4,8.39,41.8,Saturday,Summer,1,21.37
Apartment,7,2,13,0.18,3.22,24,0.68,0.58,7.1,8.9,Sunday,Winter,1,32.44949496601328
Apartment,5,4,11,6.22,10.57,24,1.35,1.57,6.27,35.5,Thursday,Summer,0,17.92
Independent House,1,3,8,1.92,6.77,24,0.0,1.28,3.17,17.2,Tuesday,Spring/Autumn,0,7.94
Apartment,7,2,14,5.07,11.01,24,0.53,0.84,4.45,36.9,Wednesday,Summer,0,14.39
Independent House,5,5,7,1.54,4.51,24,0.8,1.33,8.0,25.7,Saturday,Spring/Autumn,1,9.87
Villa,7,8,5,6.1,11.31,24,0.6,1.85,8.49,34.1,Wednesday,Summer,0,21.13
Apartment,7,2,9,0.56,3.94,24,0.0,0.6,7.07,22.5,Wednesday,Winter,0,6.41
Apartment,3,2,6,8.54,11.11,24,1.4,1.57,5.09,41.4,Thursday,Summer,0,20.99
Independent House,2,4,7,1.63,0.0,24,0.0,1.89,9.31,15.8,Wednesday,Winter,0,7.78
Villa,4,9,5,5.3,9.56,24,0.0,1.77,6.79,42.8,Saturday,Summer,1,17.88
Independent House,2,4,10,0.01,7.63,24,0.0,0.89,5.71,32.5,Saturday,Spring/Autumn,1,5.83
Apartment,6,2,9,2.18,5.6,24,3.0,0.35,4.03,27.9,Tuesday,Spring/Autumn,0,9.42
Independent House,4,4,6,4.59,9.47,24,1.09,0.95,5.65,34.1,Wednesday,Summer,0,13.91
Independent House,3,6,8,6.39,9.52,24,0.0,1.68,7.02,37.3,Monday,Summer,0,16.24
Apartment,1,2,10,5.74,11.92,24,0.0,1.13,4.62,35.6,Saturday,Summer,1,13.82
Apartment,5,2,14,6.19,8.93,24,1.38,1.35,7.26,37.1,Monday,Summer,0,16.87
Independent House,3,6,10,9.12,11.27,24,0.0,1.81,5.2,33.2,Sunday,Summer,1,20.42
Apartment,5,3,5,7.29,12.41,24,1.01,0.89,7.13,37.3,Wednesday,Summer,0,18.36
Villa,6,6,14,3.33,1.41,24,0.67,1.69,7.05,5.8,Monday,Winter,0,12.45
Independent House,6,6,14,1.43,1.5,24,0.92,1.34,8.54,8.6,Wednesday,Winter,0,9.67
Independent House,1,6,13,8.31,7.46,24,0.74,1.02,5.88,38.0,Sunday,Summer,1,19.61
Villa,1,7,9,0.84,1.83,24,1.74,2.27,6.57,16.8,Wednesday,Winter,0,7.3
Independent House,1,6,4,3.35,6.5,24,0.61,1.64,3.75,29.8,Thursday,Spring/Autumn,1,10.79
Apartment,5,4,5,1.44,8.37,24,0.0,0.76,4.54,17.6,Friday,Spring/Autumn,0,8.48
Independent House,1,4,7,0.08,4.39,24,0.0,1.56,5.56,8.3,Wednesday,Winter,0,5.07
Apartment,7,2,6,0.63,2.54,24,0.0,1.37,7.17,17.0,Tuesday,Winter,0,8.39
Independent House,3,6,7,9.43,7.53,24,0.0,2.36,4.78,,Monday,Summer,0,24.07
Independent House,7,3,9,2.26,6.0,24,0.0,1.14,5.79,27.5,Friday,Spring/Autumn,1,9.95
Apartment,2,2,9,7.52,9.86,24,0.0,0.69,5.85,,Thursday,Summer,0,15.15
Apartment,3,4,4,5.82,11.54,24,0.0,1.48,5.91,38.0,Tuesday,Summer,0,14.23
Apartment,3,4,5,0.67,1.61,24,0.0,1.21,8.08,13.1,Thursday,Winter,0,6.42
Apartment,4,3,14,1.54,4.93,24,0.0,1.38,3.13,13.7,Friday,Spring/Autumn,0,8.32
Apartment,4,2,8,0.07,3.01,24,0.55,1.13,4.54,7.1,Saturday,Winter,1,6.26
Apartment,7,2,4,3.34,4.82,24,0.6,1.55,4.89,16.6,Thursday,Spring/Autumn,0,12.19
Villa,4,7,9,1.01,0.32,24,0.0,0.62,6.86,15.1,Wednesday,Winter,1,8.13
Independent House,5,4,5,3.23,11.31,24,0.0,1.64,6.41,41.1,Friday,Summer,0,12.35
Villa,7,6,6,9.77,12.53,24,0.0,1.95,7.02,39.9,Wednesday,Summer,0,24.9
Villa,3,6,8,2.17,2.64,24,0.0,1.99,6.39,12.9,Thursday,Winter,0,9.83
Independent House,2,5,13,2.6,4.49,24,0.55,1.61,4.63,8.9,Sunday,Winter,1,9.9
Apartment,3,4,14,0.95,5.93,24,0.55,2.29,5.74,28.6,Wednesday,Spring/Autumn,0,8.0
Independent House,3,3,10,0.68,2.49,24,0.0,1.46,6.15,13.8,Monday,Winter,0,6.0
Villa,1,9,9,8.52,11.57,24,1.2,2.11,7.94,31.7,Tuesday,Summer,0,17.87
Independent House,1,5,6,5.98,10.95,24,0.0,1.45,4.49,40.7,Tuesday,Summer,0,13.82
Apartment,2,3,5,5.9,10.21,24,0.0,1.23,6.49,37.2,Thursday,Summer,0,14.07
Apartment,5,2,10,5.46,7.13,24,0.74,0.24,6.18,39.7,Monday,Summer,0,14.91
Apartment,6,2,8,5.31,8.84,24,0.0,0.91,7.43,43.5,Monday,Summer,0,16.21
Villa,1,8,6,6.81,10.29,24,0.0,2.44,7.45,32.2,Thursday,Summer,0,17.41
Independent House,4,4,6,7.91,11.55,24,0.88,0.9,3.53,37.8,Wednesday,Summer,0,17.87
Independent House,7,3,8,5.17,11.42,24,0.0,0.63,3.14,41.6,Friday,Summer,0,14.02
Apartment,2,2,8,0.0,3.21,24,0.0,1.67,8.4,24.5,Wednesday,Spring/Autumn,0,5.78
Apartment,6,2,11,0.69,6.14,24,0.0,1.57,3.25,23.3,Saturday,Spring/Autumn,1,7.48
Independent House,6,5,9,10.41,7.03,24,0.0,2.33,7.32,38.9,Sunday,Summer,1,29.3
Apartment,4,2,8,1.65,3.63,24,0.0,1.0,4.93,28.7,Saturday,Spring/Autumn,1,8.28
Apartment,6,4,13,0.84,3.34,24,1.11,1.4,3.92,11.8,Sunday,Winter,1,7.54
Independent House,4,6,4,0.57,8.33,24,0.7,1.14,5.88,27.6,Monday,Spring/Autumn,0,7.63
Villa,4,5,6,5.7,11.54,24,2.03,1.19,6.59,38.8,Wednesday,Summer,0,17.84
Independent House,5,3,5,4.14,3.32,24,0.0,1.58,5.23,25.0,Tuesday,Spring/Autumn,0,13.81
Independent House,2,5,6,2.04,11.92,24,0.0,1.9,7.16,23.6,Sunday,Spring/Autumn,1,10.0
Independent House,5,6,6,3.6,3.54,24,0.0,1.71,6.84,13.0,Sunday,Spring/Autumn,1,12.94
Villa,6,6,7,8.69,8.15,24,0.94,2.1,8.41,30.0,Saturday,Summer,1,25.01
Villa,7,6,12,0.75,3.16,24,0.0,0.72,6.92,17.7,Saturday,Winter,1,7.48
Villa,3,9,12,0.11,2.29,24,1.35,2.12,9.48,4.5,Friday,Winter,0,9.45
Apartment,7,3,7,2.48,2.81,24,0.0,1.52,5.21,21.6,Sunday,Spring/Autumn,1,12.11
Apartment,3,2,11,3.01,10.53,24,1.07,1.56,4.18,35.4,Thursday,Summer,0,11.78
Apartment,3,2,7,0.56,3.27,24,,0.08,6.78,11.8,Monday,Winter,0,4.96
Apartment,3,4,10,8.7,12.56,24,1.08,1.27,6.15,39.5,Monday,Summer,0,19.17
Apartment,2,3,9,8.71,10.53,24,,1.12,6.51,40.8,Thursday,Summer,0,18.21
Villa,5,7,4,6.65,10.83,24,1.04,1.84,7.37,37.6,Thursday,Summer,0,20.13
Independent House,7,6,7,5.4,9.03,24,0.0,1.12,6.26,35.4,Wednesday,Summer,0,17.05
Independent House,7,4,10,6.66,12.53,24,0.77,1.17,6.37,32.9,Saturday,Summer,1,18.81
Apartment,5,3,14,2.05,4.13,24,0.0,0.37,8.68,29.2,Sunday,Spring/Autumn,1,9.56
Villa,4,8,4,0.0,2.56,24,0.0,2.09,6.73,4.7,Saturday,Winter,1,7.45
Apartment,6,4,12,9.74,11.47,24,0.8,1.43,4.37,40.0,Saturday,Summer,1,23.79
Apartment,4,2,12,4.31,4.4,24,0.0,0.57,5.12,20.9,Sunday,Spring/Autumn,1,12.15
Independent House,5,3,5,8.17,9.98,24,1.18,0.81,2.04,38.9,Sunday,Summer,1,19.35
Apartment,2,3,10,0.0,7.24,24,0.0,0.57,6.27,9.8,Wednesday,Winter,0,4.97
Villa,3,5,11,0.35,6.79,24,0.0,1.21,7.83,25.4,Thursday,Spring/Autumn,0,6.53
Apartment,7,4,5,3.16,2.62,24,0.0,1.04,5.41,24.0,Tuesday,Spring/Autumn,0,11.45
Independent House,1,4,4,8.85,11.93,24,0.0,2.02,,43.7,Friday,Summer,0,18.07
Villa,2,8,12,1.74,9.34,24,0.0,2.68,8.01,24.0,Tuesday,Spring/Autumn,0,10.04
Independent House,6,5,7,2.31,1.84,24,0.71,1.31,4.39,12.0,Sunday,Winter,1,11.23
Independent House,2,5,14,8.6,13.22,24,0.0,2.14,3.46,38.8,Saturday,Summer,1,23.49
Independent House,4,6,9,6.67,9.17,24,0.0,1.77,7.04,37.3,Saturday,Summer,1,19.1
Villa,3,8,4,0.23,2.67,24,1.1,2.37,7.82,12.9,Tuesday,Winter,0,8.05
Independent House,6,4,8,0.67,3.55,24,0.0,1.3,6.43,4.4,Saturday,Winter,1,8.14
Apartment,2,2,10,12.64,12.57,24,0.66,0.0,3.04,42.7,Saturday,Summer,1,25.52
Apartment,5,4,11,1.81,1.98,24,1.18,1.15,5.5,20.3,Friday,Spring/Autumn,0,9.32
Apartment,2,2,4,0.0,4.4,24,1.0,0.46,5.08,12.3,Sunday,Winter,1,4.82
Apartment,6,3,4,0.86,0.3,24,0.92,0.5,4.15,15.9,Friday,Winter,1,7.96
Independent House,6,3,10,5.04,12.04,24,0.0,0.56,6.12,38.9,Friday,Summer,0,14.59
Apartment,6,3,13,0.0,1.48,24,0.0,1.66,3.22,6.4,Tuesday,Winter,0,6.04
Independent House,6,4,7,0.0,2.52,24,0.0,1.53,2.81,12.2,Friday,Winter,0,6.1
Villa,4,7,14,11.76,5.71,24,0.0,1.38,7.32,36.4,Monday,Summer,0,25.75
Independent House,4,3,6,5.85,10.01,24,1.94,1.7,4.7,37.4,Thursday,Summer,0,13.64
Apartment,1,4,10,1.43,0.74,24,0.57,1.25,8.4,16.1,Monday,Winter,0,7.03
Apartment,4,3,5,1.54,0.75,24,0.0,2.01,8.36,12.9,Monday,Winter,0,8.63
Villa,5,5,5,6.71,8.24,24,1.17,2.31,7.87,38.8,Saturday,Summer,1,20.99
Villa,5,9,12,5.45,10.05,24,0.0,2.15,9.86,38.4,Friday,Summer,0,18.3
Independent House,5,3,13,8.37,9.77,24,0.0,1.58,6.37,29.6,Wednesday,Summer,0,21.91
Apartment,2,3,14,2.32,0.0,24,0.0,0.69,6.72,16.6,Saturday,Winter,1,8.83
Apartment,4,3,11,0.0,7.22,24,0.0,1.97,7.09,25.3,Saturday,Spring/Autumn,1,7.16
Villa,6,9,9,8.17,11.53,24,1.08,2.16,9.7,39.3,Sunday,Summer,1,26.57
Villa,5,7,7,5.3,9.73,24,0.98,2.24,8.31,40.4,Monday,Summer,0,17.22
Villa,6,6,11,0.0,0.46,24,0.75,1.01,8.16,6.8,Saturday,Winter,1,7.32
Villa,1,9,12,3.68,8.34,24,0.88,1.57,6.47,,Thursday,Summer,0,60.22859785296019
Villa,6,7,11,7.56,10.12,24,0.0,2.08,5.62,46.2,Friday,Summer,0,21.32
Villa,4,5,7,7.4,10.87,24,0.96,1.7,3.83,27.6,Tuesday,Summer,0,18.6
Apartment,6,4,4,4.44,5.08,24,,1.06,6.82,23.3,Saturday,Spring/Autumn,1,12.74
Apartment,3,2,12,0.06,4.17,24,0.8,1.3,5.27,11.3,Tuesday,Winter,0,6.01
Independent House,1,3,5,9.68,10.18,24,,1.23,6.94,43.0,Tuesday,Summer,0,20.34
Apartment,3,2,10,0.0,4.13,24,0.0,0.93,6.21,11.1,Tuesday,Winter,0,4.64
Apartment,6,3,7,3.77,10.51,24,1.05,0.85,7.68,42.0,Monday,Summer,0,12.97
Apartment,7,2,8,10.69,7.53,24,0.0,0.64,6.02,44.7,Thursday,Summer,0,26.4
Independent House,6,6,14,1.35,6.79,24,1.82,1.39,6.05,22.0,Wednesday,Spring/Autumn,0,55.55820577389381
Independent House,6,6,10,0.0,2.9,24,0.0,0.74,8.44,16.5,Tuesday,Winter,0,6.49
Independent House,4,3,11,10.95,12.43,24,0.64,1.26,5.41,41.4,Saturday,Summer,1,23.21
Villa,1,7,9,8.91,5.07,24,0.0,2.15,6.84,,Monday,Summer,0,20.05
Independent House,2,5,9,3.56,5.38,24,1.83,0.92,7.01,24.6,Sunday,Spring/Autumn,1,12.78
Apartment,1,3,4,0.0,1.66,24,0.0,0.76,7.01,13.7,Friday,Winter,0,4.39
Apartment,5,4,11,0.53,7.09,24,0.0,1.0,7.51,26.1,Sunday,Spring/Autumn,1,8.02
Apartment,5,3,10,10.67,10.69,24,3.0,0.96,6.88,40.6,Saturday,Summer,1,26.74
Apartment,2,2,9,2.22,4.46,24,0.97,0.24,,13.7,Thursday,Winter,0,7.79
Independent House,6,4,12,0.0,0.67,24,0.81,2.18,6.26,6.9,Friday,Winter,0,7.13
Apartment,2,2,7,9.39,10.19,24,0.78,0.45,6.79,40.1,Wednesday,Summer,0,18.85
Apartment,3,3,6,8.77,9.28,24,1.08,0.28,5.7,39.7,Sunday,Summer,1,21.08
Independent House,6,4,11,0.76,1.8,24,0.76,1.81,6.08,13.2,Thursday,Winter,0,8.08
Independent House,7,6,6,0.77,7.11,24,0.0,1.35,5.72,25.8,Monday,Spring/Autumn,0,7.59
Villa,7,9,11,1.66,3.01,24,1.02,1.75,,7.1,Saturday,Winter,1,14.03
Apartment,4,2,8,1.31,7.88,24,0.56,0.72,4.09,22.8,Friday,Spring/Autumn,0,7.23
Villa,1,8,7,0.73,7.66,24,1.11,1.37,8.96,22.2,Wednesday,Spring/Autumn,0,8.03
Apartment,5,2,4,10.55,15.28,24,0.54,1.5,5.67,38.3,Sunday,Summer,1,27.39
Independent House,5,4,10,7.1,11.55,24,0.68,1.87,5.51,35.1,Wednesday,Summer,0,19.85
Independent House,5,4,12,0.0,1.74,24,0.0,0.97,7.59,9.0,Sunday,Winter,1,6.95
Villa,2,5,12,7.12,12.95,24,0.0,1.32,8.65,30.8,Sunday,Summer,1,18.29
Villa,3,9,5,1.36,0.09,24,0.0,1.9,8.43,13.8,Sunday,Winter,1,10.09
Independent House,4,6,12,10.18,9.08,24,0.0,0.84,5.94,39.6,Tuesday,Summer,0,20.37
Apartment,6,3,9,0.28,0.46,24,1.17,1.45,6.67,4.1,Monday,Winter,0,7.4
Apartment,5,4,10,0.81,8.39,24,0.0,0.84,5.86,25.5,Wednesday,Spring/Autumn,0,7.17
Villa,5,7,14,5.75,12.07,24,0.97,1.44,8.58,42.6,Wednesday,Summer,0,18.86
Apartment,1,2,12,1.59,10.37,24,1.48,0.67,4.91,37.6,Wednesday,Summer,0,7.06
Independent House,6,6,7,0.36,2.47,24,0.0,1.69,6.82,8.5,Tuesday,Winter,1,8.24
Apartment,5,2,4,6.95,8.75,24,0.0,1.57,8.59,33.8,Wednesday,Summer,0,16.72
Independent House,7,5,9,1.28,2.3,24,1.11,0.39,6.84,13.5,Tuesday,Winter,0,9.21
Villa,5,5,8,2.48,6.0,24,0.0,1.53,8.07,20.7,Sunday,Spring/Autumn,1,11.53
Apartment,1,4,7,2.28,6.47,24,0.63,1.39,,14.3,Friday,Spring/Autumn,0,9.16
Apartment,4,3,5,6.42,11.23,24,0.0,0.77,5.21,42.4,Saturday,Summer,1,17.41
Apartment,6,2,5,1.47,6.91,24,0.0,0.82,5.49,26.6,Monday,Spring/Autumn,0,7.97
Apartment,6,3,12,2.55,4.52,24,0.65,1.73,9.03,20.8,Friday,Spring/Autumn,0,11.04
Villa,7,7,4,2.21,3.73,24,0.67,2.31,6.51,25.3,Thursday,Spring/Autumn,0,11.95
Villa,3,6,12,7.31,7.21,24,1.08,2.24,8.9,36.8,Saturday,Summer,1,22.98
Apartment,6,3,10,8.45,11.56,24,0.0,1.43,3.92,41.0,Saturday,Summer,1,21.58
Independent House,6,3,5,6.79,10.17,24,2.16,1.04,7.13,35.6,Monday,Summer,0,17.81
Independent House,6,4,9,1.73,5.37,24,1.18,1.61,3.41,20.2,Sunday,Spring/Autumn,1,10.73
Independent House,6,5,10,6.95,12.41,24,0.0,1.59,10.3,35.1,Tuesday,Summer,0,18.82
Apartment,2,2,6,5.73,5.32,24,0.81,1.99,6.32,24.3,Wednesday,Spring/Autumn,1,16.06
Apartment,6,4,14,2.18,5.75,24,0.64,1.45,7.3,25.0,Tuesday,Spring/Autumn,0,50.69321402486633
Villa,1,8,6,2.56,5.75,24,2.14,2.03,7.67,22.6,Thursday,Spring/Autumn,0,10.88
Apartment,6,3,10,0.66,2.45,24,0.0,0.91,6.34,9.6,Saturday,Winter,1,7.39
Apartment,1,4,11,9.43,10.09,24,2.17,1.68,5.23,39.7,Sunday,Summer,1,22.18
Villa,6,9,5,8.01,8.13,24,1.09,2.01,9.49,33.0,Monday,Summer,0,23.25
Villa,6,7,9,3.52,3.02,24,0.68,2.21,8.77,26.3,Wednesday,Spring/Autumn,0,16.34
Independent House,7,4,7,3.06,4.48,24,0.71,1.54,7.08,16.1,Monday,Spring/Autumn,0,11.06
Independent House,7,4,6,5.97,5.95,24,0.0,1.3,6.82,30.6,Friday,Summer,0,17.31
Independent House,1,3,8,9.29,7.46,24,0.71,1.36,4.72,37.9,Sunday,Summer,1,17.96
Apartment,4,2,5,6.73,6.39,24,0.0,1.02,5.36,40.7,Friday,Summer,0,16.69
Independent House,7,4,10,0.29,3.36,24,0.0,1.21,5.99,9.9,Saturday,Winter,1,7.55
Apartment,7,2,12,1.11,4.92,24,0.0,1.7,5.51,24.4,Saturday,Spring/Autumn,1,9.22
Independent House,3,6,8,1.22,3.9,24,1.33,2.02,5.76,25.8,Monday,Spring/Autumn,0,8.48
Villa,5,7,8,3.16,6.0,24,0.78,0.93,5.25,18.7,Tuesday,Spring/Autumn,0,11.17
Apartment,5,4,11,0.0,0.15,24,0.93,0.9,4.44,,Monday,Winter,0,6.03
Independent House,2,6,10,1.27,9.22,24,0.99,1.78,9.78,24.6,Friday,Spring/Autumn,0,9.22
Apartment,7,4,8,3.53,9.07,24,0.0,2.0,5.42,33.3,Monday,Summer,0,14.67
Independent House,2,4,12,0.0,3.43,24,0.0,0.53,5.42,9.4,Tuesday,Winter,0,4.87
Villa,2,5,5,1.15,1.53,24,0.0,1.88,6.44,15.8,Thursday,Winter,0,7.31
Apartment,2,2,8,6.45,10.97,24,0.0,1.53,4.99,42.5,Thursday,Summer,0,16.32
Villa,1,9,4,2.18,6.47,24,0.0,1.43,8.48,21.2,Monday,Spring/Autumn,0,9.52
Independent House,1,6,14,0.74,4.75,24,0.0,1.22,8.95,,Friday,Spring/Autumn,0,6.74
Apartment,5,2,14,2.58,5.72,24,1.03,0.75,4.91,26.5,Sunday,Spring/Autumn,1,11.73
Villa,4,7,7,9.11,11.71,24,1.04,1.99,5.32,31.3,Tuesday,Summer,0,22.42
Independent House,4,5,9,10.82,7.2,24,0.0,1.78,8.28,41.7,Friday,Summer,0,22.46
Apartment,7,2,6,4.96,8.89,24,0.0,1.04,7.88,28.5,Monday,Summer,0,13.05
Independent House,6,5,14,2.99,1.81,24,0.0,1.93,5.62,19.1,Thursday,Spring/Autumn,0,11.0
Apartment,5,2,7,5.46,11.53,24,0.66,1.76,4.93,36.4,Thursday,Summer,0,15.55
Villa,2,6,11,9.47,8.92,24,0.0,1.2,8.61,22.7,Monday,Summer,0,19.82
Villa,5,7,5,1.03,7.4,24,0.93,1.9,10.27,24.2,Monday,Spring/Autumn,0,10.44
Apartment,1,4,10,10.6,9.05,24,0.0,2.22,5.07,40.3,Sunday,Summer,1,21.45
Apartment,4,2,13,5.24,11.92,24,1.19,1.17,7.78,34.6,Monday,Summer,0,16.71
Apartment,3,2,4,1.87,4.19,24,0.73,1.29,7.21,6.2,Friday,Winter,0,7.91
Independent House,6,3,8,4.74,11.93,24,0.0,1.04,5.34,39.4,Saturday,Summer,1,14.81
Independent House,4,6,4,0.0,1.12,24,1.9,1.5,7.75,7.6,Thursday,Winter,0,6.86
Apartment,6,3,11,0.0,3.72,24,0.68,1.15,7.5,14.0,Thursday,Winter,0,6.16
Independent House,6,5,12,1.27,0.62,24,0.0,1.25,5.26,14.9,Wednesday,Winter,0,7.64
Apartment,5,3,5,0.44,3.43,24,0.0,1.12,6.55,17.0,Monday,Winter,0,5.64
Apartment,2,3,4,6.81,6.98,24,0.0,1.16,6.59,28.3,Friday,Summer,0,14.69
Independent House,5,5,14,0.74,8.84,24,0.0,0.71,5.56,24.4,Friday,Spring/Autumn,0,7.16
Independent House,6,5,11,2.28,5.11,24,0.87,0.64,5.71,16.5,Friday,Spring/Autumn,0,10.4
Apartment,4,4,14,0.21,2.24,24,0.0,1.91,6.96,10.9,Saturday,Winter,1,7.67
Apartment,2,4,7,5.12,10.04,24,0.0,1.59,4.98,33.5,Tuesday,Summer,0,12.99
Apartment,2,4,8,1.72,6.99,24,0.93,1.25,6.57,25.3,Tuesday,Spring/Autumn,0,7.96
Apartment,3,2,4,0.53,7.62,24,0.58,1.47,,28.2,Thursday,Spring/Autumn,0,5.83
Independent House,5,5,12,6.05,11.2,24,0.0,1.85,4.6,36.8,Friday,Summer,0,17.25
Villa,4,6,7,3.63,6.67,24,2.36,0.35,6.63,26.3,Thursday,Spring/Autumn,0,12.37
Independent House,3,3,5,2.11,8.12,24,1.11,0.87,5.41,20.6,Monday,Spring/Autumn,0,9.2
Villa,1,9,6,1.31,6.17,24,0.58,1.6,8.37,30.6,Sunday,Spring/Autumn,1,10.04
Apartment,4,4,10,8.91,10.38,24,1.19,1.52,7.92,35.1,Saturday,Summer,1,23.58
Apartment,2,2,14,6.39,7.31,24,1.14,0.79,5.43,35.4,Thursday,Summer,0,14.9
Apartment,7,3,9,2.14,4.98,24,0.0,0.02,5.77,28.2,Sunday,Spring/Autumn,1,9.74
Apartment,2,2,9,0.24,6.93,24,0.73,0.92,8.16,19.8,Tuesday,Spring/Autumn,0,5.71
Apartment,4,3,14,1.85,3.68,24,0.97,0.46,6.85,18.9,Thursday,Spring/Autumn,0,7.64
Independent House,1,6,7,6.37,9.82,24,0.0,0.86,5.88,27.7,Thursday,Summer,0,15.99
Apartment,5,3,11,6.58,12.41,24,1.0,0.54,7.26,32.1,Tuesday,Summer,0,16.91
Apartment,4,3,6,0.66,1.31,24,0.0,1.51,6.46,13.2,Tuesday,Winter,0,6.74
Apartment,1,3,4,7.79,11.04,24,1.2,0.66,7.36,35.9,Friday,Summer,0,17.05
Apartment,6,2,10,4.49,4.56,24,0.0,1.67,5.33,32.5,Tuesday,Summer,0,13.9
Independent House,4,4,11,2.06,7.03,24,1.39,2.0,7.12,23.6,Monday,Spring/Autumn,0,10.84
Apartment,1,4,8,3.22,5.44,24,3.0,1.26,8.24,19.0,Saturday,Spring/Autumn,1,11.61
Apartment,7,2,13,10.49,9.44,24,0.58,1.41,4.6,38.4,Friday,Summer,0,22.66
Villa,4,9,10,3.03,6.97,24,0.57,1.74,6.39,18.2,Sunday,Spring/Autumn,1,14.06
Independent House,6,6,6,2.33,8.44,24,1.01,1.34,4.02,19.6,Sunday,Spring/Autumn,1,12.91
Independent House,6,6,12,2.56,6.82,24,0.0,1.91,8.03,18.3,Thursday,Spring/Autumn,0,12.15
Independent House,2,3,4,3.92,7.56,24,0.0,0.94,9.13,33.4,Monday,Summer,0,10.55
Apartment,5,2,6,1.02,6.53,24,0.0,1.22,6.1,28.6,Friday,Spring/Autumn,0,7.05
Villa,7,6,8,2.3,1.0,24,1.38,2.07,4.45,8.5,Wednesday,Winter,0,10.76
Apartment,6,3,11,8.01,9.21,24,1.16,1.18,4.62,35.1,Monday,Summer,1,21.82
Apartment,3,4,12,0.48,0.74,24,1.11,1.7,4.75,5.1,Sunday,Winter,1,7.08
Apartment,4,3,11,5.91,8.47,24,,1.16,5.29,42.4,Friday,Summer,0,14.39
Apartment,7,4,12,0.83,2.29,24,1.0,1.22,5.74,14.3,Wednesday,Winter,0,7.53
Apartment,4,3,14,2.99,7.58,24,0.0,1.53,6.96,23.9,Thursday,Spring/Autumn,0,11.83
Apartment,5,4,12,1.88,1.98,24,0.0,1.36,7.79,13.2,Sunday,Winter,1,10.56
Independent House,7,4,12,10.23,7.22,24,1.0,1.29,5.76,37.9,Saturday,Summer,1,28.87
Villa,6,7,12,1.04,3.07,24,1.71,2.9,6.7,14.9,Sunday,Winter,1,12.67
Villa,2,7,14,2.04,0.0,24,0.73,1.42,10.03,18.9,Sunday,Winter,1,10.04
Apartment,7,4,7,9.0,11.96,24,0.0,0.64,7.95,37.2,Sunday,Summer,1,120.84639504584258
Independent House,1,3,10,1.59,7.13,24,1.86,0.53,7.65,,Monday,Spring/Autumn,0,8.46
Apartment,5,4,4,0.57,5.16,24,0.0,1.7,3.1,14.2,Wednesday,Winter,0,6.43
Apartment,5,4,4,3.0,3.58,24,0.62,1.82,3.86,26.9,Friday,Spring/Autumn,0,10.28
Independent House,1,3,10,7.9,11.27,24,0.0,1.11,5.93,38.4,Saturday,Summer,1,19.25
Apartment,5,4,4,1.77,6.69,24,0.89,2.02,5.02,26.2,Tuesday,Spring/Autumn,0,10.47
Independent House,7,6,6,0.0,0.81,24,0.0,1.32,3.85,6.3,Tuesday,Winter,0,6.56
Apartment,7,4,4,0.0,1.85,24,0.0,1.59,7.63,9.0,Saturday,Winter,1,6.99
Apartment,7,4,13,0.0,4.08,24,0.63,1.47,6.04,12.2,Friday,Winter,0,6.95
Apartment,5,3,8,3.29,5.37,24,0.0,1.17,5.87,19.9,Tuesday,Spring/Autumn,0,10.55
Apartment,7,4,8,8.24,10.42,24,0.0,1.12,8.14,41.8,Saturday,Summer,1,23.92
Apartment,1,4,8,1.94,5.9,24,0.65,1.52,7.44,27.8,Thursday,Spring/Autumn,0,8.09
Apartment,5,3,12,0.33,2.13,24,0.0,1.29,,12.6,Thursday,Winter,0,5.98
Apartment,2,3,10,10.82,12.21,24,0.0,2.16,7.6,35.7,Tuesday,Summer,0,20.79
Independent House,2,3,9,2.12,8.12,24,2.23,1.42,6.37,17.7,Tuesday,Spring/Autumn,0,10.45
Independent House,1,5,9,0.99,5.95,24,0.86,2.09,8.22,21.8,Thursday,Spring/Autumn,0,7.27
Independent House,3,4,9,3.07,14.11,24,0.0,0.85,6.13,33.8,Tuesday,Summer,0,11.34
Apartment,6,4,9,6.98,9.65,24,0.0,2.07,7.27,38.9,Monday,Summer,0,22.72
Apartment,3,3,6,2.63,5.13,24,2.37,1.68,7.4,23.1,Wednesday,Spring/Autumn,0,12.29
Apartment,7,4,8,0.87,2.27,24,1.0,1.57,4.2,11.0,Friday,Winter,0,8.72
Apartment,6,2,6,4.75,11.23,24,0.0,0.77,5.68,39.7,Tuesday,Summer,0,13.7
Apartment,4,3,14,9.8,4.44,24,0.0,0.78,3.69,38.2,Friday,Summer,0,21.9
Apartment,4,2,5,6.52,9.51,24,0.97,1.55,6.21,37.7,Monday,Summer,0,17.87
Apartment,1,3,7,0.0,3.86,24,0.0,0.87,5.62,21.4,Thursday,Spring/Autumn,0,4.65
Apartment,1,4,8,0.0,3.71,24,0.61,0.76,3.18,9.9,Saturday,Winter,1,4.77
Apartment,2,2,13,7.21,15.36,24,1.65,0.96,7.17,31.2,Saturday,Summer,1,17.57
Independent House,1,5,5,11.36,12.93,24,0.0,1.22,4.75,43.5,Sunday,Summer,1,21.86
Apartment,5,2,13,0.0,0.0,24,0.0,1.56,3.95,12.0,Wednesday,Winter,0,5.59
Apartment,2,3,13,0.0,0.38,24,1.62,1.76,6.61,11.9,Monday,Winter,0,6.49
Villa,6,8,7,0.5,0.46,24,0.0,1.53,6.55,10.5,Wednesday,Winter,0,7.75
Apartment,5,4,5,2.98,4.26,24,0.0,1.36,5.55,23.3,Saturday,Spring/Autumn,1,11.58
Independent House,1,6,4,0.22,3.3,24,0.94,1.98,7.09,8.3,Thursday,Winter,0,6.7
Villa,2,9,5,7.03,9.63,24,0.61,1.1,9.63,37.8,Sunday,Summer,1,19.63
Villa,6,5,10,1.35,5.09,24,0.0,2.25,6.6,12.6,Saturday,Spring/Autumn,1,9.44
Independent House,3,6,8,0.0,5.16,24,0.0,1.36,6.24,34.1,Thursday,Spring/Autumn,0,6.12
Apartment,5,3,7,0.15,2.33,24,0.0,1.76,9.76,8.9,Monday,Winter,0,6.49
Apartment,3,4,13,9.28,8.83,24,1.75,1.9,5.89,37.5,Sunday,Summer,1,24.73
Independent House,4,6,10,0.96,5.04,24,0.0,0.92,5.57,5.6,Wednesday,Winter,0,7.94
Independent House,1,6,7,0.09,8.1,24,1.98,1.84,7.42,26.9,Friday,Spring/Autumn,0,7.2
Independent House,3,6,9,3.27,6.35,24,0.0,0.99,4.8,24.9,Monday,Spring/Autumn,0,10.47
Apartment,6,2,4,2.77,7.45,24,0.0,1.46,5.87,27.8,Wednesday,Spring/Autumn,0,11.15
Apartment,5,3,4,1.45,2.34,24,0.0,1.55,7.27,5.9,Friday,Winter,0,8.24
Apartment,5,3,5,0.0,0.68,24,2.31,0.61,7.42,11.7,Saturday,Winter,1,6.77
Apartment,6,4,8,3.75,8.89,24,1.01,1.42,5.59,46.2,Friday,Summer,0,13.72
Independent House,4,4,12,6.3,9.96,24,0.66,1.25,7.18,37.1,Friday,Summer,0,16.97
Independent House,1,4,11,11.19,7.98,24,0.0,1.35,6.44,29.6,Sunday,Summer,1,23.94
Apartment,7,3,6,4.52,4.71,24,1.58,1.51,4.29,26.1,Monday,Spring/Autumn,0,15.79
Apartment,2,3,12,6.12,9.96,24,0.0,1.2,8.62,42.6,Thursday,Summer,0,15.11
Apartment,6,2,14,0.11,1.34,24,0.0,1.39,8.16,16.9,Saturday,Winter,1,6.79
Villa,7,8,6,4.2,11.61,24,1.56,2.37,8.66,43.2,Tuesday,Summer,0,17.23
Apartment,2,4,8,0.82,2.27,24,0.0,1.35,5.92,15.0,Saturday,Winter,1,6.85
Apartment,7,4,4,3.09,4.27,24,0.0,2.25,7.25,30.7,Friday,Spring/Autumn,0,12.64
Apartment,6,3,7,3.46,5.25,24,0.56,1.89,5.82,26.1,Sunday,Spring/Autumn,1,13.44
Independent House,6,3,10,7.43,11.02,24,1.1,3.26,6.87,41.1,Monday,Summer,0,21.53
Villa,5,5,8,1.75,6.14,24,0.0,2.08,9.08,23.6,Sunday,Spring/Autumn,1,11.12
Villa,4,9,9,0.0,3.33,24,0.98,2.29,7.09,8.9,Monday,Winter,0,8.0
Apartment,1,4,9,2.39,8.21,24,0.0,1.64,8.56,17.8,Wednesday,Spring/Autumn,0,8.56
Apartment,7,2,8,4.96,10.25,24,0.67,0.58,4.88,32.6,Monday,Summer,0,14.59
Villa,7,8,5,6.1,11.31,24,0.6,1.85,8.49,34.1,Wednesday,Summer,0,21.13
Villa,7,6,5,6.01,12.11,24,0.96,1.51,7.77,42.8,Thursday,Summer,0,17.59
Independent House,7,6,7,0.0,6.58,24,0.0,1.62,6.27,18.7,Thursday,Spring/Autumn,0,7.8
Apartment,3,3,9,2.96,3.95,24,0.71,1.58,5.05,22.9,Sunday,Spring/Autumn,1,11.24
Apartment,1,4,14,1.2,8.44,24,0.0,0.96,5.37,26.0,Saturday,Spring/Autumn,1,8.2
Apartment,1,2,4,3.62,6.08,24,0.0,1.75,2.62,17.7,Thursday,Spring/Autumn,0,9.38
Independent House,4,6,14,0.77,5.98,24,1.07,0.86,8.76,22.5,Tuesday,Spring/Autumn,0,7.66
Villa,1,6,8,5.03,8.88,24,0.0,2.0,10.1,37.3,Sunday,Summer,1,14.14
Apartment,6,3,11,11.37,9.51,24,0.0,1.67,6.3,36.3,Wednesday,Summer,0,27.23
Independent House,7,4,12,3.3,8.62,24,1.85,1.43,9.57,18.7,Monday,Spring/Autumn,0,14.31
Apartment,2,3,5,2.96,1.71,24,0.0,1.45,9.14,12.2,Wednesday,Winter,0,9.89
Apartment,5,3,13,8.27,8.59,24,1.74,1.28,7.84,38.6,Wednesday,Summer,0,22.34
Apartment,6,2,7,5.88,8.4,24,1.43,0.53,6.46,32.6,Thursday,Summer,0,16.46
Villa,3,5,12,9.57,7.92,24,0.0,2.24,6.39,34.6,Friday,Summer,0,23.24
Apartment,3,3,6,1.2,4.18,24,1.09,1.24,7.73,5.0,Tuesday,Winter,0,8.28
Independent House,4,3,8,0.0,9.58,24,0.86,1.37,2.95,31.3,Monday,Spring/Autumn,0,6.26
Apartment,4,4,9,0.58,1.35,24,0.0,2.04,7.48,12.1,Wednesday,Winter,0,7.05
Villa,5,5,14,7.69,12.65,24,2.22,0.93,5.54,42.8,Friday,Summer,0,18.88
Apartment,1,2,6,2.05,7.3,24,0.0,0.38,5.33,20.6,Tuesday,Spring/Autumn,0,6.74
Independent House,6,6,10,0.0,1.7,24,1.34,2.63,5.14,9.7,Wednesday,Winter,0,8.4
Apartment,5,4,6,8.04,7.73,24,1.13,0.99,6.67,40.0,Saturday,Summer,1,20.8
Apartment,6,4,14,9.89,11.55,24,0.65,1.28,6.51,36.9,Saturday,Summer,1,25.23
Villa,1,6,11,5.86,13.85,24,0.0,1.05,4.35,35.2,Monday,Summer,0,14.57
Apartment,7,3,5,0.61,2.59,24,0.85,0.89,8.07,8.4,Tuesday,Winter,0,7.09
Apartment,1,4,6,1.44,7.29,24,0.0,1.68,6.05,24.5,Saturday,Spring/Autumn,1,8.67
Independent House,6,4,8,0.34,2.06,24,1.14,0.9,6.95,9.8,Friday,Winter,0,7.42
Apartment,1,4,4,1.75,6.0,24,0.0,1.48,8.22,20.8,Monday,Spring/Autumn,0,7.87
Apartment,5,3,9,0.88,4.03,24,0.0,1.64,4.95,13.2,Sunday,Winter,1,7.62
Independent House,7,5,8,1.46,4.44,24,1.06,2.08,6.32,15.9,Friday,Spring/Autumn,0,10.13
Independent House,5,3,13,0.62,2.76,24,1.17,1.72,6.4,,Friday,Winter,0,7.82
Apartment,6,2,10,0.38,2.33,24,1.1,0.82,4.81,9.9,Monday,Winter,0,7.07
Independent House,3,5,6,2.54,1.59,24,0.0,1.23,6.29,11.9,Monday,Winter,0,8.52
Villa,2,8,12,9.69,10.82,24,0.9,1.98,7.97,35.6,Sunday,Summer,1,22.81
Apartment,5,2,10,3.32,5.16,24,0.72,0.86,6.79,25.7,Wednesday,Spring/Autumn,0,10.94
Apartment,5,3,9,0.0,0.86,24,0.0,1.39,5.59,15.8,Saturday,Winter,1,6.62
Independent House,7,3,8,5.12,8.96,24,0.0,1.52,6.81,35.3,Wednesday,Summer,0,15.26
Apartment,3,2,6,7.15,12.3,24,0.0,1.45,4.92,45.9,Thursday,Summer,0,15.61
Apartment,6,2,9,6.8,11.84,24,0.0,1.05,4.78,,Thursday,Summer,0,17.31
Independent House,3,5,8,5.63,7.34,24,0.84,1.36,6.67,40.6,Thursday,Summer,0,15.74
Independent House,1,5,6,1.32,3.34,24,0.0,1.55,8.32,11.0,Monday,Winter,0,7.3
Apartment,4,4,6,1.33,10.85,24,0.68,1.11,4.17,16.1,Thursday,Spring/Autumn,0,7.82
Apartment,6,4,12,0.09,0.73,24,0.0,0.86,5.7,14.1,Friday,Winter,0,5.32
Independent House,6,3,9,4.97,8.27,24,0.0,1.04,6.09,40.1,Sunday,Summer,1,14.57
Apartment,3,3,7,0.06,2.97,24,1.91,2.08,5.0,10.9,Saturday,Winter,1,7.88
Villa,2,9,14,3.25,8.78,24,3.0,2.49,6.88,20.2,Saturday,Spring/Autumn,1,15.92
Apartment,2,2,12,11.24,12.07,24,2.74,1.71,6.45,,Saturday,Summer,1,24.4
Apartment,1,4,9,0.65,1.88,24,0.74,1.97,5.78,3.7,Monday,Winter,0,6.64
Independent House,5,4,4,3.74,5.03,24,0.0,1.59,5.14,23.8,Wednesday,Spring/Autumn,0,12.78
Apartment,2,2,9,0.82,2.97,24,0.53,1.49,7.99,9.6,Sunday,Winter,1,7.12
Villa,5,8,7,0.0,5.22,24,1.06,1.88,5.46,19.4,Sunday,Spring/Autumn,1,7.89
Independent House,5,4,5,0.53,8.42,24,0.0,1.6,5.87,19.7,Sunday,Spring/Autumn,1,8.26
Independent House,4,6,5,0.04,3.62,24,1.19,1.58,5.47,18.7,Wednesday,Winter,0,6.49
Villa,7,7,12,2.07,1.9,24,,2.3,7.41,16.5,Monday,Winter,0,13.65
Apartment,4,3,8,5.37,9.8,24,0.0,1.05,6.5,40.2,Tuesday,Summer,0,14.14
Villa,7,7,13,0.87,0.95,24,0.59,1.6,5.63,15.8,Tuesday,Winter,0,9.14
Independent House,1,5,14,0.0,3.53,24,2.34,2.72,6.12,6.4,Tuesday,Winter,0,7.47
Apartment,3,2,9,7.58,5.49,24,0.0,1.37,4.82,34.9,Sunday,Summer,1,16.5
Villa,4,8,10,8.17,9.74,24,0.0,2.09,7.51,42.2,Wednesday,Summer,0,20.83
Apartment,6,2,6,3.93,6.15,24,0.0,1.13,4.93,26.5,Friday,Spring/Autumn,0,12.57
Villa,4,7,5,8.79,11.8,24,0.5,2.54,5.59,36.2,Tuesday,Summer,0,20.16
Independent House,2,6,10,0.58,0.54,24,0.0,1.93,6.06,17.0,Thursday,Winter,0,6.66
Apartment,4,3,10,11.56,7.75,24,0.6,0.87,7.87,38.6,Saturday,Summer,1,28.54
Apartment,4,2,4,5.34,8.01,24,0.64,1.59,4.53,40.2,Thursday,Summer,0,15.51
Apartment,2,4,8,8.09,11.1,24,0.0,1.27,7.26,39.9,Friday,Summer,0,18.49
Villa,6,8,8,1.38,0.97,24,0.0,2.18,6.25,17.1,Friday,Winter,0,10.15
Apartment,5,4,11,5.08,5.29,24,0.72,1.45,6.07,22.9,Thursday,Spring/Autumn,0,15.33
Independent House,5,4,5,4.26,0.7,24,0.0,1.95,5.75,23.0,Wednesday,Spring/Autumn,0,12.13
Apartment,3,2,10,10.09,12.99,24,0.0,1.37,5.37,41.9,Sunday,Summer,1,20.8
Independent House,6,5,11,7.19,11.75,24,0.87,1.54,4.18,37.4,Saturday,Summer,1,21.1
Villa,1,9,13,0.0,0.73,24,0.59,2.52,,13.1,Saturday,Winter,1,7.79
Apartment,7,2,11,7.16,10.95,24,2.2,0.96,3.97,31.7,Friday,Summer,0,18.65
Villa,7,9,10,5.12,11.76,24,0.0,1.13,6.74,34.2,Wednesday,Summer,0,16.59
Apartment,5,4,10,6.69,13.62,24,0.0,0.89,9.01,44.4,Sunday,Summer,1,17.68
Independent House,6,5,11,0.78,8.43,24,0.54,1.43,8.19,27.4,Thursday,Spring/Autumn,0,8.52
Independent House,3,6,12,1.56,5.51,24,0.0,1.17,8.78,8.4,Thursday,Winter,0,8.9
Apartment,4,3,8,2.05,8.92,24,1.78,1.15,6.21,22.3,Friday,Spring/Autumn,0,10.6
Independent House,1,6,11,4.0,9.98,24,0.85,1.81,6.4,40.2,Wednesday,Summer,0,13.54
Apartment,7,3,10,1.13,8.87,24,0.51,0.2,6.9,24.4,Sunday,Spring/Autumn,1,8.33
Independent House,6,6,11,1.32,1.1,24,0.0,0.73,6.21,12.4,Friday,Winter,0,8.77
Apartment,3,4,8,9.1,13.03,24,0.67,1.56,5.22,39.0,Sunday,Summer,1,20.44
Independent House,3,4,8,1.9,7.28,24,1.79,0.84,6.19,23.2,Sunday,Spring/Autumn,1,10.22
Independent House,3,5,9,2.17,5.21,24,0.64,2.2,4.0,19.4,Tuesday,Spring/Autumn,0,10.55
Apartment,6,3,8,4.61,11.87,24,0.0,1.05,5.72,39.8,Tuesday,Summer,0,13.6
Independent House,3,3,8,4.2,13.03,24,3.0,1.98,5.01,32.1,Wednesday,Summer,0,14.38
Apartment,3,3,13,6.55,11.91,24,0.0,1.27,2.95,37.4,Saturday,Summer,1,14.63
Apartment,4,4,8,2.61,8.83,24,0.0,0.96,6.76,24.8,Tuesday,Spring/Autumn,0,9.96
Villa,4,8,9,1.44,5.16,24,0.0,1.65,8.6,27.8,Saturday,Spring/Autumn,1,10.16
Apartment,6,4,12,0.33,1.22,24,2.56,1.32,5.65,13.6,Sunday,Winter,1,8.49
Apartment,2,4,14,8.05,11.62,24,1.06,1.1,5.55,39.7,Friday,Summer,0,18.46
Independent House,1,3,11,2.64,7.0,24,0.9,1.32,7.04,23.8,Wednesday,Spring/Autumn,0,8.18
Apartment,5,2,9,1.26,2.12,24,1.08,0.47,4.87,6.0,Saturday,Winter,1,8.26
Apartment,4,2,4,9.78,10.43,24,0.91,2.05,5.5,34.4,Saturday,Summer,1,22.58
Independent House,1,6,14,9.29,13.18,24,1.16,1.32,6.09,46.0,Saturday,Summer,1,21.54
Villa,7,8,8,6.61,10.3,24,0.0,1.84,7.93,37.4,Sunday,Summer,1,21.41
Independent House,5,5,13,5.67,10.22,24,0.0,0.73,5.51,36.0,Friday,Summer,0,14.81
Apartment,5,2,4,2.45,4.73,24,0.94,1.37,5.69,25.4,Monday,Spring/Autumn,0,10.91
Apartment,7,2,10,0.0,1.2,24,0.91,0.89,5.3,13.2,Monday,Winter,0,6.29
Apartment,7,4,8,9.92,11.29,24,2.27,1.48,4.39,39.9,Wednesday,Summer,0,27.21
Apartment,2,2,7,9.52,10.36,24,2.23,1.27,5.19,42.0,Wednesday,Summer,0,19.81
Apartment,6,3,10,0.75,2.6,24,0.0,0.91,5.71,19.1,Sunday,Winter,1,7.04
Independent House,6,6,9,0.99,2.44,24,0.0,0.6,6.26,11.8,Sunday,Winter,1,8.29
Apartment,2,3,7,1.86,5.73,24,0.0,1.51,5.3,22.0,Saturday,Spring/Autumn,1,9.12
Independent House,4,3,9,0.0,1.72,24,0.0,0.39,7.22,7.0,Friday,Winter,0,4.67
Independent House,2,3,14,0.0,2.74,24,1.15,1.66,7.4,12.1,Thursday,Winter,0,6.09
Apartment,2,3,5,8.31,12.15,24,0.96,1.09,7.57,37.3,Sunday,Summer,1,18.02
Villa,3,6,4,2.17,3.32,24,1.06,1.23,7.62,12.6,Tuesday,Winter,0,9.87
Villa,7,6,10,0.0,1.63,24,0.0,1.46,8.36,11.0,Wednesday,Winter,0,7.07
Villa,2,8,8,6.8,11.15,24,0.0,0.91,5.78,37.9,Saturday,Summer,1,15.3
Villa,6,7,12,7.25,12.14,24,0.0,1.89,4.47,37.6,Sunday,Summer,1,19.72
Independent House,2,4,7,3.99,6.9,24,0.0,1.36,3.52,,Monday,Spring/Autumn,0,10.69
Independent House,1,3,12,1.14,2.25,24,0.0,2.6,8.08,10.3,Thursday,Winter,0,7.08
Independent House,2,6,9,5.98,10.6,24,0.0,1.21,7.7,37.0,Monday,Summer,0,16.08
Apartment,4,3,10,2.83,6.09,24,0.0,2.15,7.11,24.5,Wednesday,Spring/Autumn,0,10.85
Apartment,1,2,13,2.96,4.75,24,0.68,1.24,,22.9,Saturday,Spring/Autumn,1,44.17412508116951
Villa,6,6,7,5.84,14.22,24,1.04,2.3,6.31,33.9,Wednesday,Summer,0,18.95
Apartment,2,3,6,1.55,6.49,24,0.0,1.07,8.32,22.2,Thursday,Spring/Autumn,0,7.6
Independent House,3,4,5,0.21,5.08,24,1.08,1.24,4.28,15.0,Thursday,Winter,0,5.84
Apartment,4,3,4,10.35,7.08,24,0.0,1.9,6.37,36.1,Tuesday,Summer,0,23.35
Apartment,7,2,13,1.82,1.81,24,0.88,0.97,7.06,18.2,Friday,Winter,0,10.39
Apartment,3,2,5,0.0,2.22,24,0.0,1.87,4.8,12.8,Friday,Winter,0,5.34
Independent House,6,6,9,3.54,6.86,24,1.07,1.82,5.02,16.5,Monday,Spring/Autumn,0,14.22
Villa,3,9,5,1.04,6.14,24,0.0,1.36,7.79,23.0,Saturday,Spring/Autumn,1,9.63
Villa,4,7,9,0.72,4.99,24,0.88,2.28,4.94,18.6,Wednesday,Spring/Autumn,0,8.35
Independent House,7,5,10,3.33,13.21,24,0.0,0.97,7.8,33.9,Thursday,Summer,0,13.91
Apartment,2,2,12,0.52,2.46,24,0.0,0.39,5.26,0.6,Thursday,Winter,0,4.9
Apartment,6,3,13,7.84,8.59,24,0.98,1.27,6.15,44.7,Thursday,Summer,0,17.74
Independent House,5,4,5,9.7,7.11,24,0.5,0.25,5.77,38.0,Saturday,Summer,1,23.66
Independent House,2,5,4,1.57,6.42,24,0.0,1.13,,23.1,Sunday,Spring/Autumn,1,8.4
Apartment,5,4,9,1.61,1.39,24,0.0,1.09,6.13,13.7,Sunday,Winter,1,9.17
Apartment,2,3,7,0.0,0.52,24,0.0,1.18,4.23,3.9,Saturday,Winter,1,5.24
Independent House,7,3,6,4.04,6.26,24,0.0,2.08,6.76,24.3,Thursday,Spring/Autumn,0,14.52
Independent House,2,5,13,7.74,8.56,24,0.0,1.43,4.41,32.7,Sunday,Summer,1,18.43
Apartment,2,2,9,2.43,1.27,24,1.1,1.23,5.81,15.5,Monday,Winter,1,9.54
Apartment,5,2,6,1.12,2.17,24,1.12,1.13,,12.6,Thursday,Winter,0,7.52
Independent House,4,6,6,9.31,9.97,24,0.97,2.03,7.68,34.5,Friday,Summer,0,23.28
Independent House,2,4,9,2.02,8.12,24,0.0,2.01,6.61,25.6,Friday,Spring/Autumn,0,8.2
Apartment,6,4,10,10.26,13.64,24,0.63,1.2,6.96,37.2,Saturday,Summer,1,26.92
Independent House,1,4,5,9.14,9.46,24,0.83,1.09,6.55,37.2,Saturday,Summer,1,19.28
Apartment,1,3,7,2.06,5.46,24,0.0,1.26,7.28,20.5,Tuesday,Spring/Autumn,0,7.96
Villa,5,7,6,0.24,3.85,24,0.0,1.12,7.6,33.8,Tuesday,Spring/Autumn,1,8.34
Apartment,3,4,7,0.0,3.4,24,0.0,1.23,3.83,23.9,Monday,Spring/Autumn,1,5.5
Apartment,7,2,14,0.0,8.55,24,0.0,0.95,3.16,24.9,Monday,Spring/Autumn,0,6.42
Apartment,3,4,12,2.56,2.72,24,0.0,1.13,4.9,28.7,Wednesday,Spring/Autumn,0,9.17
Villa,1,7,13,4.74,11.94,24,0.0,2.14,4.54,31.9,Monday,Summer,0,11.73
Apartment,5,2,5,3.07,6.53,24,0.73,2.15,6.26,35.6,Tuesday,Summer,0,11.11
Apartment,3,2,8,4.11,5.29,24,3.0,0.77,5.33,30.5,Sunday,Spring/Autumn,1,12.2
Independent House,5,6,11,1.23,4.23,24,0.0,2.28,6.95,16.7,Wednesday,Spring/Autumn,0,9.42
Independent House,5,6,13,6.46,9.79,24,0.63,2.45,6.29,38.1,Tuesday,Summer,0,17.04
Villa,2,9,7,0.32,1.09,24,0.0,0.8,7.43,9.5,Wednesday,Winter,0,6.74
Independent House,3,5,9,0.38,3.34,24,2.33,1.49,6.96,25.8,Thursday,Spring/Autumn,0,7.25
Apartment,3,2,6,0.61,1.51,24,0.0,1.6,5.05,17.8,Saturday,Winter,1,6.0
Independent House,1,3,5,2.55,7.94,24,0.0,2.1,6.46,22.9,Saturday,Spring/Autumn,1,10.11
Apartment,7,3,12,0.85,6.9,24,0.0,1.16,7.22,26.7,Thursday,Spring/Autumn,0,8.1
Apartment,7,2,7,1.47,4.08,24,1.08,1.7,5.43,15.9,Friday,Winter,0,9.59
Independent House,6,4,12,0.15,5.59,24,1.05,1.01,6.85,25.8,Tuesday,Spring/Autumn,0,7.46
Apartment,5,3,5,7.46,8.38,24,0.57,1.05,3.68,43.9,Sunday,Summer,1,19.24
Apartment,7,3,9,7.23,11.11,24,,0.58,7.53,39.7,Friday,Summer,1,19.2
Apartment,3,3,4,5.48,9.18,24,1.17,0.59,7.6,37.3,Monday,Summer,0,14.27
Independent House,6,5,6,5.14,5.43,24,0.0,1.11,5.22,31.7,Tuesday,Summer,0,14.99
Villa,5,9,7,4.94,7.84,24,1.0,2.09,,36.4,Tuesday,Summer,0,18.24
Villa,2,9,11,8.21,10.34,24,0.94,1.44,5.69,38.6,Thursday,Summer,0,18.81
Apartment,2,2,5,1.25,3.96,24,0.59,1.55,2.83,25.8,Wednesday,Spring/Autumn,0,6.85
Apartment,6,2,9,0.76,7.41,24,0.55,0.82,8.3,22.6,Wednesday,Spring/Autumn,0,7.59
Apartment,5,4,5,3.44,5.91,24,0.97,1.23,6.23,19.0,Tuesday,Spring/Autumn,0,11.34
Apartment,6,2,13,7.72,7.46,24,2.12,0.98,6.43,,Thursday,Summer,1,20.3
Apartment,5,4,4,0.77,4.04,24,0.0,1.41,6.88,10.4,Tuesday,Winter,0,6.71
Apartment,4,2,10,8.08,10.4,24,0.86,1.82,5.67,39.2,Saturday,Summer,1,20.54
Apartment,5,3,14,2.19,4.99,24,0.0,1.89,5.86,20.3,Monday,Spring/Autumn,0,11.53
Apartment,1,4,10,6.77,7.25,24,0.96,1.88,4.08,40.1,Monday,Summer,0,15.38
Apartment,6,4,13,0.0,9.74,24,0.0,1.59,7.72,17.7,Wednesday,Spring/Autumn,0,7.15
Apartment,4,3,9,9.1,9.29,24,0.0,1.51,3.94,32.4,Sunday,Summer,1,20.81
Apartment,6,3,13,0.32,6.11,24,0.0,0.51,6.68,27.1,Thursday,Spring/Autumn,1,6.48
Apartment,5,3,14,1.27,8.86,24,0.89,0.99,6.2,28.9,Wednesday,Spring/Autumn,0,8.8
Villa,3,9,5,1.04,6.14,24,0.0,1.36,7.79,23.0,Saturday,Spring/Autumn,1,9.63
Apartment,6,4,10,0.0,4.89,24,0.58,1.39,7.59,25.1,Tuesday,Spring/Autumn,0,6.72
Independent House,5,5,4,3.35,7.69,24,0.0,1.33,10.42,25.5,Wednesday,Spring/Autumn,0,12.64
Apartment,6,4,6,1.4,5.59,24,0.91,1.4,6.42,20.9,Tuesday,Spring/Autumn,0,9.53
Villa,4,7,9,1.75,3.78,24,0.0,2.21,8.63,18.0,Thursday,Winter,0,10.74
