AC_Usage_Hours,Family_Members,Water_Motor_Usage_Hours,Rooms_per_Person,Total_Appliance_Hours,Daily_Appliance_Usage_Count,Washing_Machine_Usage_Hours,Lighting_Hours,Outdoor_Temperature_C,Number_of_Rooms,Fan_Usage_Hours,Day_of_Week_Encoded,Daily_Electricity_Consumption_kWh
3.38,2,0.91,1.5,44.46999999999999,5,0.0,5.37,39.6,3,10.81,0,11.63
8.4,2,1.32,3.5,50.19,7,0.61,5.11,33.9,7,10.75,3,21.49
4.68,2,1.47,2.0,43.76,4,0.0,4.99,32.9,4,8.62,6,12.66
10.95,7,2.16,0.5714285714285714,52.46,8,0.84,5.6,33.8,4,8.91,5,28.13
5.53,2,1.4,2.0,48.32,14,0.0,8.31,39.6,4,9.08,6,13.48
1.46,2,2.02,1.5,34.56,13,0.0,7.08,11.1,3,0.0,0,7.12
1.87,4,2.87,0.75,38.540000000000006,5,1.62,8.18,9.6,3,0.0,2,12.53
10.1,7,0.57,0.42857142857142855,49.989999999999995,14,1.12,6.68,38.4,3,7.52,0,27.88
7.98,3,1.07,2.0,51.1,4,0.0,7.71,38.6,6,10.34,1,19.18
8.57,6,2.08,0.6666666666666666,51.64,8,0.0,6.67,37.6,4,10.32,3,23.6
6.32,6,0.92,0.5,43.55,11,0.0,5.5,39.7,3,6.81,0,14.39
5.25,3,1.34,2.6666666666666665,45.43000000000001,14,1.01,6.63,21.9,8,7.2,3,17.87
0.04,1,1.19,2.0,34.59,11,0.0,5.54,10.9,2,3.82,2,5.54
1.63,4,0.83,0.5,32.74,9,0.0,5.29,15.6,2,0.99,0,7.37
6.57,4,2.22,0.75,45.49,4,0.0,3.04,37.5,3,9.66,1,16.62
0.36,1,1.85,4.0,32.6,13,0.0,3.58,13.2,4,2.81,0,5.75
3.28,3,1.98,3.0,42.449999999999996,9,0.79,9.08,22.3,9,3.32,2,14.37
8.31,1,1.68,4.0,52.52,5,2.14,5.32,38.6,4,11.07,4,18.08
9.16,5,1.59,1.6,51.52000000000001,11,0.77,8.7,34.9,8,7.3,4,21.9
0.0,2,1.5,2.0,37.79,13,1.14,6.49,20.1,4,4.66,3,6.98
0.43,3,1.78,1.3333333333333333,33.980000000000004,13,0.94,4.95,7.8,4,1.88,6,6.64
1.74,4,0.99,1.0,45.29,4,1.07,5.07,29.1,4,12.42,2,10.24
1.94,6,1.29,1.0,41.529999999999994,11,0.94,7.68,22.5,6,5.68,0,10.53
0.0,4,0.6,1.0,36.43,9,0.0,7.39,14.8,4,4.44,1,5.3
9.94,2,1.26,2.0,52.41,8,0.0,7.35,35.2,4,9.86,2,20.6
3.98,7,0.2,0.2857142857142857,37.11,9,0.0,3.59,23.2,2,5.34,6,11.51
4.21,4,1.49,1.5,42.97,14,1.19,7.29,27.5,6,4.79,4,14.42
7.84,4,0.47,0.5,44.940000000000005,9,0.7,5.46,38.1,2,6.47,0,18.72
4.13,4,1.09,1.25,47.02,11,0.0,7.26,42.1,5,10.54,4,13.63
1.11,1,2.04,5.0,39.67,9,2.96,6.72,13.5,5,2.84,4,8.43
0.0,2,0.98,1.5,34.92,7,0.0,3.11,19.7,3,6.83,3,6.05
4.56,2,1.48,1.5,46.419999999999995,8,0.99,3.71,34.3,3,11.68,4,12.47
5.07,4,1.85,1.0,47.84,10,0.0,6.15,41.9,4,10.77,1,14.94
0.68,2,1.28,1.5,31.73,4,0.0,2.34,16.3,3,3.43,2,6.47
3.45,4,1.58,1.0,39.47,12,0.0,7.13,19.8,4,3.31,3,13.05
9.23,7,0.96,0.42857142857142855,44.32000000000001,5,0.0,4.23,35.7,3,5.9,4,21.65
0.09,1,0.95,3.0,34.67,6,0.0,8.18,9.7,3,1.45,5,5.18
1.68,4,1.25,1.0,33.07,5,0.0,6.14,14.8,4,0.0,2,7.65
5.96,6,1.06,0.5,52.11,8,1.02,7.54,42.5,3,12.53,6,16.27
1.69,3,0.99,2.0,39.13,5,0.0,6.54,30.4,6,5.91,0,8.87
3.2,6,1.99,1.0,43.81,10,0.0,6.37,27.3,6,8.25,2,13.63
5.85,7,1.41,0.2857142857142857,46.91,8,0.0,8.36,40.7,2,7.29,0,18.5
11.61,7,2.01,0.8571428571428571,55.089999999999996,12,0.5,5.86,35.2,6,11.11,3,29.99
5.99,6,0.8,0.6666666666666666,49.18,13,0.0,9.42,39.2,4,8.97,6,17.68
0.0,5,1.07,0.4,30.509999999999998,10,0.0,2.76,16.4,2,2.68,4,5.22
1.83,5,1.97,0.6,35.11,14,0.0,7.22,10.3,3,0.09,3,9.94
0.17,3,1.35,1.6666666666666667,37.900000000000006,10,1.11,6.27,9.4,5,5.0,5,6.47
1.23,1,1.0,4.0,40.98,10,0.91,5.29,21.3,4,8.55,6,8.31
1.34,7,1.01,0.2857142857142857,33.93,11,0.0,6.26,19.8,2,1.32,2,8.51
2.12,6,2.87,1.0,40.34,6,0.0,6.31,19.7,6,5.04,1,11.4
7.22,6,1.63,0.8333333333333334,52.47,11,1.11,6.51,36.7,5,12.0,0,22.11
0.0,2,1.67,1.0,33.84,10,0.0,5.89,16.0,2,2.28,4,4.97
0.0,3,1.88,1.6666666666666667,35.269999999999996,9,0.0,8.75,7.8,5,0.64,2,6.61
5.59,6,1.24,0.3333333333333333,50.17,8,0.72,7.9,41.0,2,10.72,1,16.94
4.74,3,1.11,1.0,45.42,12,0.0,6.7,44.1,3,8.87,1,11.73
0.0,1,1.46,4.0,38.29,6,0.63,6.42,14.3,4,5.78,2,5.99
0.0,5,1.95,1.2,37.620000000000005,13,0.8,5.98,5.3,6,4.89,0,7.12
0.34,2,1.67,2.5,35.27,14,1.5,7.28,8.4,5,0.48,5,7.16
2.04,4,1.26,1.5,43.349999999999994,14,0.8,9.01,30.3,6,6.24,5,10.16
1.54,1,1.15,3.0,35.19,8,0.0,3.54,25.8,3,4.96,0,7.43
1.97,6,1.21,0.8333333333333334,37.04,10,0.0,6.96,10.4,5,2.9,1,10.31
3.34,3,1.56,1.3333333333333333,37.34,4,0.0,4.81,12.7,4,3.63,1,10.55
8.41,1,1.19,4.0,54.41,14,0.0,7.11,41.9,4,13.7,4,16.56
0.18,7,1.81,0.8571428571428571,32.269999999999996,13,0.0,5.24,19.2,6,1.04,4,7.32
2.05,2,1.32,1.5,36.949999999999996,10,0.0,4.68,23.6,3,4.9,3,9.19
10.01,4,1.86,0.5,55.39,6,0.95,5.91,35.9,2,12.66,5,24.78
2.11,3,1.42,1.0,36.32,6,1.06,7.29,13.5,3,0.44,4,8.41
0.0,6,1.09,0.3333333333333333,28.68,5,0.0,3.16,14.5,2,0.43,0,5.34
0.0,1,1.56,5.0,39.339999999999996,5,0.0,6.15,15.9,5,7.63,0,6.52
8.08,6,1.96,0.6666666666666666,49.83,6,0.0,7.52,29.7,4,8.27,6,19.99
8.01,2,0.99,2.0,49.68,9,1.1,5.83,35.9,4,9.75,4,17.89
1.89,2,2.74,4.0,43.11,4,0.0,8.67,20.4,8,5.81,4,11.16
0.0,5,3.43,1.6,36.83,12,0.0,7.89,9.5,8,1.51,0,8.77
7.29,7,1.5,0.42857142857142855,50.78000000000001,13,1.02,7.75,35.2,3,9.22,0,18.48
3.19,5,0.81,0.4,38.36,11,0.0,5.43,25.7,2,4.93,0,11.42
1.71,4,1.95,0.75,37.26,7,0.82,6.77,19.9,3,2.01,3,10.15
0.0,2,1.41,1.5,40.08,6,0.99,7.54,22.3,3,6.14,2,6.37
0.72,5,1.08,1.2,36.489999999999995,11,1.33,5.51,11.5,6,3.85,5,7.31
7.25,4,2.09,1.25,55.85000000000001,8,0.0,7.2,32.2,5,15.31,1,20.87
0.48,1,1.31,4.0,36.43,4,0.0,6.96,3.7,4,3.68,2,6.42
7.22,5,1.65,0.6,49.69,14,0.0,5.72,30.7,3,11.1,1,18.13
1.76,2,2.48,1.0,37.8,6,0.0,8.39,5.9,2,1.17,2,9.93
1.12,7,1.25,0.42857142857142855,34.63,9,0.0,5.83,12.3,3,2.43,1,7.5
6.03,7,1.71,0.7142857142857143,47.32,10,0.0,6.22,35.4,5,9.36,4,17.93
1.31,5,1.93,0.8,37.54,11,0.0,5.53,17.2,4,4.77,1,9.06
1.22,3,2.02,2.0,38.230000000000004,8,1.33,5.76,25.8,6,3.9,1,8.48
12.48,6,1.41,0.3333333333333333,53.89999999999999,8,0.83,4.12,33.0,2,11.06,3,30.03
11.19,5,2.69,1.8,54.769999999999996,13,0.0,7.68,40.8,9,9.21,3,29.78
1.41,5,1.17,0.6,35.739999999999995,5,0.72,6.41,16.1,3,2.03,6,7.75
0.0,4,1.8,1.0,33.47,5,1.12,4.6,15.5,4,1.95,5,6.7
3.64,1,2.06,3.0,37.9,12,1.05,4.53,24.2,3,2.62,1,10.86
9.15,1,1.05,2.0,47.839999999999996,7,0.0,4.9,41.8,2,8.74,4,18.5
1.66,2,2.13,2.0,31.799999999999997,7,0.0,4.01,32.5,4,0.0,2,8.14
10.33,2,1.37,4.0,52.56,5,0.82,5.24,35.1,8,10.8,4,22.14
0.7,2,1.02,1.0,35.66,4,0.0,5.06,3.0,2,4.88,4,5.91
7.75,6,1.66,0.3333333333333333,47.629999999999995,7,1.12,4.28,43.6,2,8.82,2,23.05
5.5,2,1.0,2.0,46.93,10,0.97,6.1,38.9,4,9.36,1,14.14
7.8,1,0.99,2.0,48.519999999999996,6,0.0,5.15,38.0,2,10.58,0,16.29
0.0,2,1.56,3.0,34.66,7,1.05,5.75,15.6,6,2.3,4,6.44
6.98,6,2.07,0.6666666666666666,49.97,9,0.0,7.27,38.9,4,9.65,1,22.72
7.77,5,2.02,0.4,53.910000000000004,9,0.0,4.44,40.3,2,15.68,5,22.04
8.77,1,1.06,2.0,51.10000000000001,5,0.59,5.21,28.3,2,11.47,1,19.18
0.0,7,1.7,0.42857142857142855,37.25,8,1.16,8.01,13.2,3,2.38,6,7.21
3.01,3,1.56,0.6666666666666666,44.35,11,1.07,4.18,35.4,2,10.53,4,11.78
6.34,4,1.61,0.5,48.75,8,1.12,7.7,36.3,2,7.98,1,15.92
0.0,5,1.32,0.4,32.17,13,0.6,4.86,10.0,2,1.39,3,6.68
6.75,3,1.95,0.6666666666666666,49.940000000000005,9,0.0,5.74,41.3,2,11.5,4,15.88
0.0,2,1.75,1.0,33.9,10,0.78,5.08,9.3,2,2.29,1,5.02
8.48,3,1.59,0.6666666666666666,45.29,8,0.0,2.12,37.5,2,9.1,4,17.86
8.58,5,1.67,1.0,51.24,7,2.54,4.92,44.2,5,9.53,4,22.11
0.95,7,1.63,0.5714285714285714,38.650000000000006,8,1.1,5.45,25.9,4,5.52,2,8.49
5.7,5,0.44,0.4,41.59,12,0.0,2.81,48.4,2,8.64,6,14.82
5.04,2,1.25,2.0,54.11,14,1.78,6.53,31.2,4,15.51,1,13.63
1.7,1,2.14,6.0,40.47,8,0.63,8.59,25.0,6,3.41,1,8.81
0.14,4,1.07,1.0,33.42,6,0.9,4.36,13.3,4,2.95,6,6.17
0.0,4,1.38,0.5,32.93,14,0.0,7.06,9.8,2,0.49,5,5.44
1.22,3,1.74,0.6666666666666666,40.44,14,0.81,7.0,21.5,2,5.67,1,8.58
0.51,5,1.57,0.6,32.75,13,0.0,3.97,9.1,3,2.7,3,7.08
9.49,7,1.46,0.42857142857142855,50.58,4,1.19,5.58,37.3,3,8.86,5,22.46
0.0,4,0.32,0.5,32.85,7,0.0,5.83,8.4,2,2.7,2,5.19
10.54,4,1.44,0.75,50.32,4,0.52,4.54,39.1,3,9.28,6,23.6
2.49,2,0.88,4.0,45.13,12,2.73,7.54,24.7,8,7.49,2,12.21
0.18,1,0.37,3.0,40.059999999999995,6,0.0,5.19,30.3,3,10.32,0,4.61
7.13,5,1.38,0.6,50.53000000000001,4,0.0,7.81,42.6,3,10.21,4,17.34
0.0,7,1.8,0.2857142857142857,34.76,9,0.0,6.3,14.9,2,2.66,4,6.45
8.16,3,1.17,1.3333333333333333,50.39,12,0.0,7.19,33.2,4,9.87,5,19.22
2.98,1,1.44,4.0,45.45,14,1.17,6.77,30.4,4,9.09,1,10.83
0.0,7,1.95,0.5714285714285714,36.81,10,1.78,4.77,5.3,4,4.31,0,7.66
0.23,2,0.34,2.0,33.34,11,0.0,5.5,13.9,4,3.27,3,5.12
5.66,4,1.32,1.25,53.06,6,2.22,7.96,42.7,5,11.9,5,17.41
6.13,2,1.01,1.5,43.24999999999999,10,0.0,3.58,44.4,3,8.53,1,12.96
7.52,4,2.0,1.5,49.46,10,0.0,5.28,41.7,6,10.66,5,21.09
0.0,3,1.31,1.0,36.94,10,0.0,9.76,13.9,3,1.87,1,6.1
1.37,7,1.06,0.5714285714285714,33.54,4,1.0,3.48,24.8,4,2.63,6,9.79
0.26,4,2.07,1.5,34.64,11,0.0,8.31,5.7,6,0.0,4,6.82
7.94,2,1.47,3.0,50.3,7,0.0,6.01,40.7,6,10.88,5,17.4
0.0,1,1.24,4.0,37.459999999999994,12,0.88,6.16,29.1,4,5.18,5,6.0
4.43,1,1.66,4.0,49.059999999999995,10,1.82,5.92,41.6,4,11.23,4,11.6
7.12,2,1.29,1.5,44.730000000000004,8,0.0,6.07,22.2,3,6.25,0,18.23
2.34,2,0.83,2.5,36.81,6,0.0,4.14,24.5,5,5.5,2,8.71
12.59,2,2.58,4.0,56.379999999999995,4,1.11,5.87,39.0,8,10.23,3,26.0
0.0,6,2.2,0.8333333333333334,34.519999999999996,5,0.0,4.81,11.1,5,3.51,3,6.99
0.0,2,1.17,1.5,32.77,10,0.62,5.79,13.9,3,1.19,3,5.84
1.24,1,0.58,6.0,40.67,11,0.53,7.06,19.4,6,7.26,5,7.09
0.0,5,1.38,0.8,37.6,12,0.0,5.29,25.2,4,6.93,0,6.79
1.01,1,0.84,6.0,33.81,13,0.69,5.3,11.2,6,1.97,1,6.39
1.11,7,1.29,0.42857142857142855,41.559999999999995,13,0.0,5.86,23.3,3,9.3,6,8.66
6.52,5,1.41,0.4,47.25999999999999,8,0.0,7.22,32.7,2,8.11,5,15.97
2.63,4,1.07,1.5,41.0,10,0.56,7.29,29.0,6,5.45,2,10.87
0.0,6,2.29,1.0,37.25,14,0.96,6.27,15.9,6,3.73,4,8.07
0.03,2,1.55,2.0,32.550000000000004,9,0.0,6.38,10.4,4,0.59,5,5.33
2.63,5,1.49,0.6,37.77,7,0.0,3.44,27.4,3,6.21,5,10.87
0.04,4,1.76,1.0,42.30999999999999,10,0.66,7.15,20.4,4,8.7,4,6.81
6.97,3,1.18,1.6666666666666667,48.51,10,0.0,6.9,36.6,5,9.46,4,16.82
0.57,6,1.43,0.6666666666666666,33.39,11,1.1,5.13,17.3,4,1.16,4,7.28
8.81,7,1.71,0.8571428571428571,49.19,6,0.0,5.84,40.4,6,8.83,3,23.79
0.29,2,1.86,4.5,39.56,10,0.0,9.72,25.7,9,3.69,3,9.18
0.0,3,0.78,1.0,33.72,6,0.85,6.73,7.8,3,1.36,6,5.44
6.71,1,1.49,3.0,51.97,5,0.0,7.52,43.3,3,12.25,0,14.74
0.58,1,2.11,4.0,34.99,14,1.21,4.2,12.2,4,2.89,4,6.61
5.71,7,1.75,0.8571428571428571,40.0,9,0.0,4.32,30.8,6,4.22,4,17.72
3.2,7,2.11,1.1428571428571428,42.79,5,0.0,7.86,21.8,8,5.62,3,15.23
1.35,4,0.57,1.0,35.79,8,0.0,1.34,28.6,4,8.53,6,7.43
0.66,1,1.22,4.0,32.35,9,0.0,5.12,14.6,4,1.35,4,5.55
0.47,6,2.91,1.3333333333333333,35.82,13,0.0,7.66,13.2,8,0.78,3,10.47
7.5,5,2.14,0.6,51.11,14,0.0,6.82,36.6,3,10.65,1,19.49
0.0,1,0.66,4.0,41.9,9,0.0,8.74,19.5,4,8.5,4,5.28
7.44,1,1.15,3.0,49.71,11,0.0,6.2,34.8,3,10.92,1,14.52
3.19,6,1.88,0.3333333333333333,41.27,8,1.1,4.11,11.4,2,6.99,4,12.93
1.94,6,1.41,0.5,42.629999999999995,7,0.0,5.24,26.2,3,10.04,4,10.71
2.29,6,1.03,0.5,40.290000000000006,9,0.0,4.2,33.5,3,8.77,5,10.54
1.08,3,1.11,1.6666666666666667,39.49,5,0.87,3.2,26.0,5,9.23,6,7.65
10.25,6,1.75,0.3333333333333333,51.03,9,0.0,4.28,31.6,2,10.75,2,25.51
4.0,7,1.3,0.5714285714285714,37.78,10,0.0,7.28,7.3,4,1.2,0,13.0
1.95,7,0.95,0.5714285714285714,41.59,4,0.0,7.03,26.5,4,7.66,2,10.54
1.18,1,1.52,9.0,32.49,12,0.0,5.79,14.2,9,0.0,2,8.04
6.68,2,1.3,1.5,47.12,4,0.0,6.21,33.9,3,8.93,5,13.74
2.52,4,0.65,1.25,42.37,10,0.0,5.75,40.5,5,9.45,1,10.02
1.32,2,1.4,3.0,35.03,14,0.0,7.28,2.3,6,1.03,3,7.06
8.38,7,1.93,0.5714285714285714,50.58,14,1.3,4.57,47.6,4,10.4,2,26.99
7.7,7,1.22,0.2857142857142857,42.69,5,0.0,3.73,32.5,2,6.04,1,19.62
10.08,4,1.85,1.25,57.44,12,2.3,9.14,30.5,5,10.07,5,29.08
8.41,1,1.09,2.0,51.71,8,1.0,6.26,33.8,2,10.95,1,16.53
3.65,5,2.12,1.2,43.58,8,0.66,8.66,26.7,6,4.49,4,15.48
8.4,1,0.95,4.0,51.10000000000001,14,1.24,6.99,39.1,4,9.52,3,19.31
0.58,2,1.93,3.0,33.11,10,0.0,6.06,17.0,6,0.54,4,6.66
5.26,3,0.94,1.3333333333333333,42.269999999999996,13,1.06,5.34,31.5,4,5.67,4,14.06
8.77,6,1.4,1.1666666666666667,50.82,9,0.64,8.39,41.8,7,7.62,2,21.37
0.18,7,0.58,0.2857142857142857,35.76,13,0.68,7.1,8.9,2,3.22,3,32.35
6.22,5,1.57,0.8,49.980000000000004,11,1.35,6.27,35.5,4,10.57,4,17.92
1.92,1,1.28,3.0,37.14,8,0.0,3.17,17.2,3,6.77,5,7.94
5.07,7,0.84,0.2857142857142857,45.900000000000006,14,0.53,4.45,36.9,2,11.01,6,14.39
1.54,5,1.33,1.0,40.18,7,0.8,8.0,25.7,5,4.51,2,9.87
6.1,7,1.85,1.1428571428571428,52.35,5,0.6,8.49,34.1,8,11.31,6,21.13
0.56,7,0.6,0.2857142857142857,36.17,9,0.0,7.07,22.5,2,3.94,6,6.41
8.54,3,1.57,0.6666666666666666,51.709999999999994,6,1.4,5.09,41.4,2,11.11,4,20.99
1.63,2,1.89,2.0,36.83,7,0.0,9.31,15.8,4,0.0,6,7.78
5.3,4,1.77,2.25,47.42,5,0.0,6.79,42.8,9,9.56,2,17.88
0.01,2,0.89,2.0,38.24,10,0.0,5.71,32.5,4,7.63,2,5.83
2.18,6,0.35,0.3333333333333333,39.160000000000004,9,3.0,4.03,27.9,2,5.6,5,9.42
4.59,4,0.95,1.0,45.75000000000001,6,1.09,5.65,34.1,4,9.47,6,13.91
6.39,3,1.68,2.0,48.61,8,0.0,7.02,37.3,6,9.52,1,16.24
5.74,1,1.13,2.0,47.41,10,0.0,4.62,35.6,2,11.92,2,13.82
6.19,5,1.35,0.4,49.11000000000001,14,1.38,7.26,37.1,2,8.93,1,16.87
9.12,3,1.81,2.0,51.400000000000006,10,0.0,5.2,33.2,6,11.27,3,20.42
7.29,5,0.89,0.6,52.730000000000004,5,1.01,7.13,37.3,3,12.41,6,18.36
3.33,6,1.69,1.0,38.150000000000006,14,0.67,7.05,5.8,6,1.41,1,12.45
1.43,6,1.34,1.0,37.730000000000004,14,0.92,8.54,8.6,6,1.5,6,9.67
8.31,1,1.02,6.0,47.410000000000004,13,0.74,5.88,38.0,6,7.46,3,19.61
0.84,1,2.27,7.0,37.25,9,1.74,6.57,16.8,7,1.83,6,7.3
3.35,1,1.64,6.0,39.85,4,0.61,3.75,29.8,6,6.5,4,10.79
1.44,5,0.76,0.8,39.11,5,0.0,4.54,17.6,4,8.37,0,8.48
0.08,1,1.56,4.0,35.589999999999996,7,0.0,5.56,8.3,4,4.39,6,5.07
0.63,7,1.37,0.2857142857142857,35.71,6,0.0,7.17,17.0,2,2.54,5,8.39
9.43,3,2.36,2.0,48.1,7,0.0,4.78,25.7,6,7.53,1,24.07
2.26,7,1.14,0.42857142857142855,39.19,9,0.0,5.79,27.5,3,6.0,0,9.95
7.52,2,0.69,1.0,47.919999999999995,9,0.0,5.85,25.7,2,9.86,4,15.15
5.82,3,1.48,1.3333333333333333,48.75,4,0.0,5.91,38.0,4,11.54,5,14.23
0.67,3,1.21,1.3333333333333333,35.57,5,0.0,8.08,13.1,4,1.61,4,6.42
1.54,4,1.38,0.75,34.98,14,0.0,3.13,13.7,3,4.93,0,8.32
0.07,4,1.13,0.5,33.3,8,0.55,4.54,7.1,2,3.01,2,6.26
3.34,7,1.55,0.2857142857142857,39.199999999999996,4,0.6,4.89,16.6,2,4.82,4,12.19
1.01,4,0.62,1.75,32.81,9,0.0,6.86,15.1,7,0.32,6,8.13
3.23,5,1.64,0.8,46.59,5,0.0,6.41,41.1,4,11.31,0,12.35
9.77,7,1.95,0.8571428571428571,55.269999999999996,6,0.0,7.02,39.9,6,12.53,6,24.9
2.17,3,1.99,2.0,37.19,8,0.0,6.39,12.9,6,2.64,4,9.83
2.6,2,1.61,2.5,37.88,13,0.55,4.63,8.9,5,4.49,3,9.9
0.95,3,2.29,1.3333333333333333,39.46,14,0.55,5.74,28.6,4,5.93,6,8.0
0.68,3,1.46,1.0,34.78,10,0.0,6.15,13.8,3,2.49,1,6.0
8.52,1,2.11,9.0,55.34,9,1.2,7.94,31.7,9,11.57,5,17.87
5.98,1,1.45,5.0,46.870000000000005,6,0.0,4.49,40.7,5,10.95,5,13.82
5.9,2,1.23,1.5,47.83,5,0.0,6.49,37.2,3,10.21,4,14.07
5.46,5,0.24,0.4,43.75000000000001,10,0.74,6.18,39.7,2,7.13,1,14.91
5.31,6,0.91,0.3333333333333333,46.489999999999995,8,0.0,7.43,43.5,2,8.84,1,16.21
6.81,1,2.44,8.0,50.989999999999995,6,0.0,7.45,32.2,8,10.29,4,17.41
7.91,4,0.9,1.0,48.77,6,0.88,3.53,37.8,4,11.55,6,17.87
5.17,7,0.63,0.42857142857142855,44.36000000000001,8,0.0,3.14,41.6,3,11.42,0,14.02
0.0,2,1.67,1.0,37.28,8,0.0,8.4,24.5,2,3.21,6,5.78
0.69,6,1.57,0.3333333333333333,35.65,11,0.0,3.25,23.3,2,6.14,2,7.48
10.41,6,2.33,0.8333333333333334,51.089999999999996,9,0.0,7.32,38.9,5,7.03,3,29.3
1.65,4,1.0,0.5,35.21,8,0.0,4.93,28.7,2,3.63,2,8.28
0.84,6,1.4,0.6666666666666666,34.61,13,1.11,3.92,11.8,4,3.34,3,7.54
0.57,4,1.14,1.5,40.620000000000005,4,0.7,5.88,27.6,6,8.33,1,7.63
5.7,4,1.19,1.25,51.05,6,2.03,6.59,38.8,5,11.54,6,17.84
4.14,5,1.58,0.6,38.269999999999996,5,0.0,5.23,25.0,3,3.32,5,13.81
2.04,2,1.9,2.5,47.019999999999996,6,0.0,7.16,23.6,5,11.92,3,10.0
3.6,5,1.71,1.2,39.69,6,0.0,6.84,13.0,6,3.54,3,12.94
8.69,6,2.1,1.0,52.290000000000006,7,0.94,8.41,30.0,6,8.15,2,25.01
0.75,7,0.72,0.8571428571428571,35.55,12,0.0,6.92,17.7,6,3.16,2,7.48
0.11,3,2.12,3.0,39.35,12,1.35,9.48,4.5,9,2.29,0,9.45
2.48,7,1.52,0.42857142857142855,36.019999999999996,7,0.0,5.21,21.6,3,2.81,3,12.11
0.56,3,0.08,0.6666666666666666,34.69,7,0.0,6.78,11.8,2,3.27,1,4.96
8.7,3,1.27,1.3333333333333333,53.76,10,1.08,6.15,39.5,4,12.56,1,19.17
8.71,2,1.12,1.5,50.87,9,0.0,6.51,40.8,3,10.53,4,18.21
6.65,5,1.84,1.4,51.730000000000004,4,1.04,7.37,37.6,7,10.83,4,20.13
5.4,7,1.12,0.8571428571428571,45.809999999999995,7,0.0,6.26,35.4,6,9.03,6,17.05
6.66,7,1.17,0.5714285714285714,51.5,10,0.77,6.37,32.9,4,12.53,2,18.81
2.05,5,0.37,0.6,39.230000000000004,14,0.0,8.68,29.2,3,4.13,3,9.56
0.0,4,2.09,2.0,35.379999999999995,4,0.0,6.73,4.7,8,2.56,2,7.45
9.74,6,1.43,0.6666666666666666,51.809999999999995,12,0.8,4.37,40.0,4,11.47,2,23.79
4.31,4,0.57,0.5,38.4,12,0.0,5.12,20.9,2,4.4,3,12.15
8.17,5,0.81,0.6,46.18,5,1.18,2.04,38.9,3,9.98,3,19.35
0.0,2,0.57,1.5,38.08,10,0.0,6.27,9.8,3,7.24,6,4.97
0.35,3,1.21,1.6666666666666667,40.18,11,0.0,7.83,25.4,5,6.79,4,6.53
3.16,7,1.04,0.5714285714285714,36.230000000000004,5,0.0,5.41,24.0,4,2.62,5,11.45
8.85,1,2.02,4.0,53.06,4,0.0,6.26,43.7,4,11.93,0,18.07
1.74,2,2.68,4.0,45.769999999999996,12,0.0,8.01,24.0,8,9.34,5,10.04
2.31,6,1.31,0.8333333333333334,34.559999999999995,7,0.71,4.39,12.0,5,1.84,3,11.23
8.6,2,2.14,2.5,51.42,14,0.0,3.46,38.8,5,13.22,2,23.49
6.67,4,1.77,1.5,48.650000000000006,9,0.0,7.04,37.3,6,9.17,2,19.1
0.23,3,2.37,2.6666666666666665,38.19,4,1.1,7.82,12.9,8,2.67,5,8.05
0.67,6,1.3,0.6666666666666666,35.95,8,0.0,6.43,4.4,4,3.55,2,8.14
12.64,2,0.0,1.0,52.91,10,0.66,3.04,42.7,2,12.57,2,25.52
1.81,5,1.15,0.8,35.62,11,1.18,5.5,20.3,4,1.98,0,9.32
0.0,2,0.46,1.0,34.94,4,1.0,5.08,12.3,2,4.4,3,4.82
0.86,6,0.5,0.5,30.730000000000004,4,0.92,4.15,15.9,3,0.3,0,7.96
5.04,6,0.56,0.5,47.76,10,0.0,6.12,38.9,3,12.04,0,14.59
0.0,6,1.66,0.5,30.36,13,0.0,3.22,6.4,3,1.48,5,6.04
0.0,6,1.53,0.6666666666666666,30.86,7,0.0,2.81,12.2,4,2.52,0,6.1
11.76,4,1.38,1.75,50.17,14,0.0,7.32,36.4,7,5.71,1,25.75
5.85,4,1.7,0.75,48.2,6,1.94,4.7,37.4,3,10.01,4,13.64
1.43,1,1.25,4.0,36.39,10,0.57,8.4,16.1,4,0.74,1,7.03
1.54,4,2.01,0.75,36.66,5,0.0,8.36,12.9,3,0.75,1,8.63
6.71,5,2.31,1.0,50.300000000000004,5,1.17,7.87,38.8,5,8.24,2,20.99
5.45,5,2.15,1.8,51.51,12,0.0,9.86,38.4,9,10.05,0,18.3
8.37,5,1.58,0.6,50.089999999999996,13,0.0,6.37,29.6,3,9.77,6,21.91
2.32,2,0.69,1.5,33.730000000000004,14,0.0,6.72,16.6,3,0.0,2,8.83
0.0,4,1.97,0.75,40.28,11,0.0,7.09,25.3,3,7.22,2,7.16
8.17,6,2.16,1.5,56.64,9,1.08,9.7,39.3,9,11.53,3,26.57
5.3,5,2.24,1.4,50.56,7,0.98,8.31,40.4,7,9.73,1,17.22
0.0,6,1.01,1.0,34.38,11,0.75,8.16,6.8,6,0.46,2,7.32
3.68,1,1.57,9.0,44.94,12,0.88,6.47,25.7,9,8.34,4,32.35
7.56,6,2.08,1.1666666666666667,49.379999999999995,11,0.0,5.62,46.2,7,10.12,0,21.32
7.4,4,1.7,1.25,48.76,7,0.96,3.83,27.6,5,10.87,5,18.6
4.44,6,1.06,0.6666666666666666,41.4,4,0.0,6.82,23.3,4,5.08,2,12.74
0.06,3,1.3,0.6666666666666666,35.6,12,0.8,5.27,11.3,2,4.17,5,6.01
9.68,1,1.23,3.0,52.029999999999994,5,0.0,6.94,43.0,3,10.18,5,20.34
0.0,3,0.93,0.6666666666666666,35.269999999999996,10,0.0,6.21,11.1,2,4.13,5,4.64
3.77,6,0.85,0.5,47.86,7,1.05,7.68,42.0,3,10.51,1,12.97
10.69,7,0.64,0.2857142857142857,48.879999999999995,8,0.0,6.02,44.7,2,7.53,4,26.4
1.35,6,1.39,1.0,41.4,14,1.82,6.05,22.0,6,6.79,6,32.35
0.0,6,0.74,1.0,36.08,10,0.0,8.44,16.5,6,2.9,5,6.49
10.95,4,1.26,0.75,54.69,11,0.64,5.41,41.4,3,12.43,2,23.21
8.91,1,2.15,7.0,46.97,9,0.0,6.84,25.7,7,5.07,1,20.05
3.56,2,0.92,2.5,42.699999999999996,9,1.83,7.01,24.6,5,5.38,3,12.78
0.0,1,0.76,3.0,33.43,4,0.0,7.01,13.7,3,1.66,0,4.39
0.53,5,1.0,0.8,40.13,11,0.0,7.51,26.1,4,7.09,3,8.02
10.67,5,0.96,0.6,56.2,10,3.0,6.88,40.6,3,10.69,2,26.74
2.22,2,0.24,1.0,38.15,9,0.97,6.26,13.7,2,4.46,4,7.79
0.0,6,2.18,0.6666666666666666,33.92,12,0.81,6.26,6.9,4,0.67,0,7.13
9.39,2,0.45,1.0,51.6,7,0.78,6.79,40.1,2,10.19,6,18.85
8.77,3,0.28,1.0,49.11,6,1.08,5.7,39.7,3,9.28,3,21.08
0.76,6,1.81,0.6666666666666666,35.21,11,0.76,6.08,13.2,4,1.8,4,8.08
0.77,7,1.35,0.8571428571428571,38.95,6,0.0,5.72,25.8,6,7.11,1,7.59
1.66,7,1.75,1.2857142857142858,37.7,11,1.02,6.26,7.1,9,3.01,2,14.03
1.31,4,0.72,0.5,38.56,8,0.56,4.09,22.8,2,7.88,0,7.23
0.73,1,1.37,8.0,43.83,7,1.11,8.96,22.2,8,7.66,6,8.03
10.55,5,1.5,0.4,57.54,4,0.54,5.67,38.3,2,15.28,3,27.39
7.1,5,1.87,0.8,50.709999999999994,10,0.68,5.51,35.1,4,11.55,6,19.85
0.0,5,0.97,0.8,34.3,12,0.0,7.59,9.0,4,1.74,3,6.95
7.12,2,1.32,2.5,54.04,12,0.0,8.65,30.8,5,12.95,3,18.29
1.36,3,1.9,3.0,35.78,5,0.0,8.43,13.8,9,0.09,3,10.09
10.18,4,0.84,1.5,50.04,12,0.0,5.94,39.6,6,9.08,5,20.37
0.28,6,1.45,0.5,34.029999999999994,9,1.17,6.67,4.1,3,0.46,1,7.4
0.81,5,0.84,0.8,39.900000000000006,10,0.0,5.86,25.5,4,8.39,6,7.17
5.75,5,1.44,1.4,52.809999999999995,14,0.97,8.58,42.6,7,12.07,6,18.86
1.59,1,0.67,2.0,43.019999999999996,12,1.48,4.91,37.6,2,10.37,6,7.06
0.36,6,1.69,1.0,35.34,7,0.0,6.82,8.5,6,2.47,5,8.24
6.95,5,1.57,0.4,49.86,4,0.0,8.59,33.8,2,8.75,6,16.72
1.28,7,0.39,0.7142857142857143,35.92,9,1.11,6.84,13.5,5,2.3,5,9.21
2.48,5,1.53,1.0,42.080000000000005,8,0.0,8.07,20.7,5,6.0,3,11.53
2.28,1,1.39,4.0,41.03,7,0.63,6.26,14.3,4,6.47,0,9.16
6.42,4,0.77,0.75,47.63,5,0.0,5.21,42.4,3,11.23,2,17.41
1.47,6,0.82,0.3333333333333333,38.690000000000005,5,0.0,5.49,26.6,2,6.91,1,7.97
2.55,6,1.73,0.5,42.48,12,0.65,9.03,20.8,3,4.52,0,11.04
2.21,7,2.31,1.0,39.43,4,0.67,6.51,25.3,7,3.73,4,11.95
7.31,3,2.24,2.0,50.739999999999995,12,1.08,8.9,36.8,6,7.21,2,22.98
8.45,6,1.43,0.5,49.36,10,0.0,3.92,41.0,3,11.56,2,21.58
6.79,6,1.04,0.5,51.290000000000006,5,2.16,7.13,35.6,3,10.17,1,17.81
1.73,6,1.61,0.6666666666666666,37.3,9,1.18,3.41,20.2,4,5.37,3,10.73
6.95,6,1.59,0.8333333333333334,55.25,10,0.0,10.3,35.1,5,12.41,5,18.82
5.73,2,1.99,1.0,44.17,6,0.81,6.32,24.3,2,5.32,6,16.06
2.18,6,1.45,0.6666666666666666,41.32,14,0.64,7.3,25.0,4,5.75,5,32.35
2.56,1,2.03,8.0,44.150000000000006,6,2.14,7.67,22.6,8,5.75,4,10.88
0.66,6,0.91,0.5,34.36,10,0.0,6.34,9.6,3,2.45,2,7.39
9.43,1,1.68,4.0,52.599999999999994,11,2.17,5.23,39.7,4,10.09,3,22.18
8.01,6,2.01,1.5,52.730000000000004,5,1.09,9.49,33.0,9,8.13,1,23.25
3.52,6,2.21,1.1666666666666667,42.2,9,0.68,8.77,26.3,7,3.02,6,16.34
3.06,7,1.54,0.5714285714285714,40.87,7,0.71,7.08,16.1,4,4.48,1,11.06
5.97,7,1.3,0.5714285714285714,44.04,6,0.0,6.82,30.6,4,5.95,0,17.31
9.29,1,1.36,3.0,47.54,8,0.71,4.72,37.9,3,7.46,3,17.96
6.73,4,1.02,0.5,43.50000000000001,5,0.0,5.36,40.7,2,6.39,0,16.69
0.29,7,1.21,0.5714285714285714,34.85,10,0.0,5.99,9.9,4,3.36,2,7.55
1.11,7,1.7,0.2857142857142857,37.24,12,0.0,5.51,24.4,2,4.92,2,9.22
3.16,5,0.93,1.4,40.12,8,0.78,5.25,18.7,7,6.0,5,11.17
0.0,5,0.9,0.8,30.419999999999998,11,0.93,4.44,25.7,4,0.15,1,6.03
1.27,2,1.78,3.0,47.040000000000006,10,0.99,9.78,24.6,6,9.22,0,9.22
3.53,7,2.0,0.5714285714285714,44.02,8,0.0,5.42,33.3,4,9.07,1,14.67
0.0,2,0.53,2.0,33.38,12,0.0,5.42,9.4,4,3.43,5,4.87
1.15,2,1.88,2.5,35.0,5,0.0,6.44,15.8,5,1.53,4,7.31
6.45,2,1.53,1.0,47.940000000000005,8,0.0,4.99,42.5,2,10.97,4,16.32
2.18,1,1.43,9.0,42.56,4,0.0,8.48,21.2,9,6.47,1,9.52
0.74,1,1.22,6.0,39.66,14,0.0,8.95,25.7,6,4.75,0,6.74
2.58,5,0.75,0.4,38.989999999999995,14,1.03,4.91,26.5,2,5.72,3,11.73
9.11,4,1.99,1.75,53.17,7,1.04,5.32,31.3,7,11.71,5,22.42
10.82,4,1.78,1.25,52.08,9,0.0,8.28,41.7,5,7.2,0,22.46
4.96,7,1.04,0.2857142857142857,46.77,6,0.0,7.88,28.5,2,8.89,1,13.05
2.99,6,1.93,0.8333333333333334,36.35,14,0.0,5.62,19.1,5,1.81,4,11.0
5.46,5,1.76,0.4,48.33999999999999,7,0.66,4.93,36.4,2,11.53,4,15.55
9.47,2,1.2,3.0,52.2,11,0.0,8.61,22.7,6,8.92,1,19.82
1.03,5,1.9,1.4,45.53,5,0.93,10.27,24.2,7,7.4,1,10.44
10.6,1,2.22,4.0,50.94,10,0.0,5.07,40.3,4,9.05,3,21.45
5.24,4,1.17,0.5,51.3,13,1.19,7.78,34.6,2,11.92,1,16.71
1.87,3,1.29,0.6666666666666666,39.290000000000006,4,0.73,7.21,6.2,2,4.19,0,7.91
4.74,6,1.04,0.5,47.05,8,0.0,5.34,39.4,3,11.93,2,14.81
0.0,4,1.5,1.5,36.269999999999996,4,1.9,7.75,7.6,6,1.12,4,6.86
0.0,6,1.15,0.5,37.05,11,0.68,7.5,14.0,3,3.72,4,6.16
1.27,6,1.25,0.8333333333333334,32.4,12,0.0,5.26,14.9,5,0.62,6,7.64
0.44,5,1.12,0.6,35.54,5,0.0,6.55,17.0,3,3.43,1,5.64
6.81,2,1.16,1.5,45.53999999999999,4,0.0,6.59,28.3,3,6.98,0,14.69
0.74,5,0.71,1.0,39.85,14,0.0,5.56,24.4,5,8.84,0,7.16
2.28,6,0.64,0.8333333333333334,38.61,11,0.87,5.71,16.5,5,5.11,0,10.4
0.21,4,1.91,1.0,35.32,14,0.0,6.96,10.9,4,2.24,2,7.67
5.12,2,1.59,2.0,45.730000000000004,7,0.0,4.98,33.5,4,10.04,5,12.99
1.72,2,1.25,2.0,41.46,8,0.93,6.57,25.3,4,6.99,5,7.96
0.53,3,1.47,0.6666666666666666,40.459999999999994,4,0.58,6.26,28.2,2,7.62,4,5.83
6.05,5,1.85,1.0,47.7,12,0.0,4.6,36.8,5,11.2,0,17.25
3.63,4,0.35,1.5,43.64,7,2.36,6.63,26.3,6,6.67,4,12.37
2.11,3,0.87,1.0,41.61999999999999,5,1.11,5.41,20.6,3,8.12,1,9.2
1.31,1,1.6,9.0,42.03,6,0.58,8.37,30.6,9,6.17,3,10.04
8.91,4,1.52,1.0,53.92,10,1.19,7.92,35.1,4,10.38,2,23.58
6.39,2,0.79,1.0,45.06,14,1.14,5.43,35.4,2,7.31,4,14.9
2.14,7,0.02,0.42857142857142855,36.91,9,0.0,5.77,28.2,3,4.98,3,9.74
0.24,2,0.92,1.0,40.980000000000004,9,0.73,8.16,19.8,2,6.93,5,5.71
1.85,4,0.46,0.75,37.81,14,0.97,6.85,18.9,3,3.68,4,7.64
6.37,1,0.86,6.0,46.93,7,0.0,5.88,27.7,6,9.82,4,15.99
6.58,5,0.54,0.6,51.79,11,1.0,7.26,32.1,3,12.41,5,16.91
0.66,4,1.51,0.75,33.94,6,0.0,6.46,13.2,3,1.31,5,6.74
7.79,1,0.66,3.0,52.05,4,1.2,7.36,35.9,3,11.04,0,17.05
4.49,6,1.67,0.3333333333333333,40.05,10,0.0,5.33,32.5,2,4.56,5,13.9
2.06,4,2.0,1.0,43.6,11,1.39,7.12,23.6,4,7.03,1,10.84
3.22,1,1.26,4.0,45.16,8,3.0,8.24,19.0,4,5.44,2,11.61
10.49,7,1.41,0.2857142857142857,50.519999999999996,13,0.58,4.6,38.4,2,9.44,0,22.66
3.03,4,1.74,2.25,42.7,10,0.57,6.39,18.2,9,6.97,3,14.06
2.33,6,1.34,1.0,41.14,6,1.01,4.02,19.6,6,8.44,3,12.91
2.56,6,1.91,1.0,43.32,12,0.0,8.03,18.3,6,6.82,4,12.15
3.92,2,0.94,1.5,45.550000000000004,4,0.0,9.13,33.4,3,7.56,1,10.55
1.02,5,1.22,0.4,38.870000000000005,6,0.0,6.1,28.6,2,6.53,0,7.05
2.3,7,2.07,0.8571428571428571,35.2,8,1.38,4.45,8.5,6,1.0,6,10.76
8.01,6,1.18,0.5,48.17999999999999,11,1.16,4.62,35.1,3,9.21,1,21.82
0.48,3,1.7,1.3333333333333333,32.78,12,1.11,4.75,5.1,4,0.74,3,7.08
5.91,4,1.16,0.75,44.83,11,0.0,5.29,42.4,3,8.47,0,14.39
0.83,7,1.22,0.5714285714285714,35.08,12,1.0,5.74,14.3,4,2.29,6,7.53
2.99,4,1.53,0.75,43.06,14,0.0,6.96,23.9,3,7.58,4,11.83
1.88,5,1.36,0.8,37.01,12,0.0,7.79,13.2,4,1.98,3,10.56
10.23,7,1.29,0.5714285714285714,49.5,12,1.0,5.76,37.9,4,7.22,2,28.87
1.04,6,2.9,1.1666666666666667,39.42,12,1.71,6.7,14.9,7,3.07,3,12.67
2.04,2,1.42,3.5,38.22,14,0.73,10.03,18.9,7,0.0,3,10.04
9.0,7,0.64,0.5714285714285714,53.550000000000004,7,0.0,7.95,37.2,4,11.96,3,32.35
1.59,1,0.53,3.0,42.76,10,1.86,7.65,25.7,3,7.13,1,8.46
0.57,5,1.7,0.8,34.53,4,0.0,3.1,14.2,4,5.16,6,6.43
3.0,5,1.82,0.8,36.879999999999995,4,0.62,3.86,26.9,4,3.58,0,10.28
7.9,1,1.11,3.0,50.21,10,0.0,5.93,38.4,3,11.27,2,19.25
1.77,5,2.02,0.8,40.39,4,0.89,5.02,26.2,4,6.69,5,10.47
0.0,7,1.32,0.8571428571428571,29.98,6,0.0,3.85,6.3,6,0.81,5,6.56
0.0,7,1.59,0.5714285714285714,35.07,4,0.0,7.63,9.0,4,1.85,2,6.99
0.0,7,1.47,0.5714285714285714,36.22,13,0.63,6.04,12.2,4,4.08,0,6.95
3.29,5,1.17,0.6,39.699999999999996,8,0.0,5.87,19.9,3,5.37,5,10.55
8.24,7,1.12,0.5714285714285714,51.919999999999995,8,0.0,8.14,41.8,4,10.42,2,23.92
1.94,1,1.52,4.0,41.45,8,0.65,7.44,27.8,4,5.9,4,8.09
0.33,5,1.29,0.6,34.01,12,0.0,6.26,12.6,3,2.13,4,5.98
10.82,2,2.16,1.5,56.79,10,0.0,7.6,35.7,3,12.21,5,20.79
2.12,2,1.42,1.5,44.25999999999999,9,2.23,6.37,17.7,3,8.12,5,10.45
0.99,1,2.09,5.0,42.11,9,0.86,8.22,21.8,5,5.95,4,7.27
3.07,3,0.85,1.3333333333333333,48.160000000000004,9,0.0,6.13,33.8,4,14.11,5,11.34
2.63,3,1.68,1.0,43.209999999999994,6,2.37,7.4,23.1,3,5.13,6,12.29
0.87,7,1.57,0.5714285714285714,33.910000000000004,8,1.0,4.2,11.0,4,2.27,0,8.72
4.75,6,0.77,0.3333333333333333,46.43000000000001,6,0.0,5.68,39.7,2,11.23,5,13.7
9.8,4,0.78,0.75,42.71,14,0.0,3.69,38.2,3,4.44,0,21.9
6.52,4,1.55,0.5,48.76,5,0.97,6.21,37.7,2,9.51,1,17.87
0.0,1,0.87,3.0,34.35,7,0.0,5.62,21.4,3,3.86,4,4.65
0.0,1,0.76,4.0,32.260000000000005,8,0.61,3.18,9.9,4,3.71,2,4.77
7.21,2,0.96,1.0,56.35,13,1.65,7.17,31.2,2,15.36,2,17.57
11.36,1,1.22,5.0,54.26,5,0.0,4.75,43.5,5,12.93,3,21.86
0.0,5,1.56,0.4,29.509999999999998,13,0.0,3.95,12.0,2,0.0,6,5.59
0.0,2,1.76,1.5,34.370000000000005,13,1.62,6.61,11.9,3,0.38,1,6.49
0.5,6,1.53,1.3333333333333333,33.04,7,0.0,6.55,10.5,8,0.46,6,7.75
2.98,5,1.36,0.8,38.15,5,0.0,5.55,23.3,4,4.26,2,11.58
0.22,1,1.98,6.0,37.53,4,0.94,7.09,8.3,6,3.3,4,6.7
7.03,2,1.1,4.5,52.0,5,0.61,9.63,37.8,9,9.63,3,19.63
1.35,6,2.25,0.8333333333333334,39.29,10,0.0,6.6,12.6,5,5.09,2,9.44
0.0,3,1.36,2.0,36.76,8,0.0,6.24,34.1,6,5.16,4,6.12
0.15,5,1.76,0.6,38.0,7,0.0,9.76,8.9,3,2.33,1,6.49
9.28,3,1.9,1.3333333333333333,51.65,13,1.75,5.89,37.5,4,8.83,3,24.73
0.96,4,0.92,1.5,36.49,10,0.0,5.57,5.6,6,5.04,6,7.94
0.09,1,1.84,6.0,43.43,7,1.98,7.42,26.9,6,8.1,0,7.2
3.27,3,0.99,2.0,39.41,9,0.0,4.8,24.9,6,6.35,1,10.47
2.77,6,1.46,0.3333333333333333,41.55,4,0.0,5.87,27.8,2,7.45,6,11.15
1.45,5,1.55,0.6,36.61,4,0.0,7.27,5.9,3,2.34,0,8.24
0.0,5,0.61,0.6,35.019999999999996,5,2.31,7.42,11.7,3,0.68,2,6.77
3.75,6,1.42,0.6666666666666666,44.66,8,1.01,5.59,46.2,4,8.89,0,13.72
6.3,4,1.25,1.0,49.35,12,0.66,7.18,37.1,4,9.96,0,16.97
11.19,1,1.35,4.0,50.96,11,0.0,6.44,29.6,4,7.98,3,23.94
4.52,7,1.51,0.42857142857142855,40.61,6,1.58,4.29,26.1,3,4.71,1,15.79
6.12,2,1.2,1.5,49.9,12,0.0,8.62,42.6,3,9.96,4,15.11
0.11,6,1.39,0.3333333333333333,35.0,14,0.0,8.16,16.9,2,1.34,2,6.79
4.2,7,2.37,1.1428571428571428,52.400000000000006,6,1.56,8.66,43.2,8,11.61,5,17.23
0.82,2,1.35,2.0,34.36,8,0.0,5.92,15.0,4,2.27,2,6.85
3.09,7,2.25,0.5714285714285714,40.86,4,0.0,7.25,30.7,4,4.27,0,12.64
3.46,6,1.89,0.5,40.980000000000004,7,0.56,5.82,26.1,3,5.25,3,13.44
7.43,6,3.26,0.5,53.68,10,1.1,6.87,41.1,3,11.02,1,21.53
1.75,5,2.08,1.0,43.05,8,0.0,9.08,23.6,5,6.14,3,11.12
0.0,4,2.29,2.25,37.69,9,0.98,7.09,8.9,9,3.33,1,8.0
2.39,1,1.64,4.0,44.800000000000004,9,0.0,8.56,17.8,4,8.21,6,8.56
4.96,7,0.58,0.2857142857142857,45.34,8,0.67,4.88,32.6,2,10.25,1,14.59
6.01,7,1.51,0.8571428571428571,52.36,5,0.96,7.77,42.8,6,12.11,4,17.59
0.0,7,1.62,0.8571428571428571,38.47,7,0.0,6.27,18.7,6,6.58,4,7.8
2.96,3,1.58,1.0,38.25,9,0.71,5.05,22.9,3,3.95,3,11.24
1.2,1,0.96,4.0,39.97,14,0.0,5.37,26.0,4,8.44,2,8.2
3.62,1,1.75,2.0,38.07,4,0.0,2.62,17.7,2,6.08,4,9.38
0.77,4,0.86,1.5,41.44,14,1.07,8.76,22.5,6,5.98,5,7.66
5.03,1,2.0,6.0,50.01,8,0.0,10.1,37.3,6,8.88,3,14.14
11.37,6,1.67,0.5,52.849999999999994,11,0.0,6.3,36.3,3,9.51,6,27.23
3.3,7,1.43,0.5714285714285714,48.77,12,1.85,9.57,18.7,4,8.62,1,14.31
2.96,2,1.45,1.5,39.260000000000005,5,0.0,9.14,12.2,3,1.71,6,9.89
8.27,5,1.28,0.6,51.72,13,1.74,7.84,38.6,3,8.59,6,22.34
5.88,6,0.53,0.3333333333333333,46.7,7,1.43,6.46,32.6,2,8.4,4,16.46
9.57,3,2.24,1.6666666666666667,50.120000000000005,12,0.0,6.39,34.6,5,7.92,0,23.24
1.2,3,1.24,1.0,39.44,6,1.09,7.73,5.0,3,4.18,5,8.28
0.0,4,1.37,0.75,38.76,8,0.86,2.95,31.3,3,9.58,1,6.26
0.58,4,2.04,1.0,35.45,9,0.0,7.48,12.1,4,1.35,6,7.05
7.69,5,0.93,1.0,53.03,14,2.22,5.54,42.8,5,12.65,0,18.88
2.05,1,0.38,2.0,39.06,6,0.0,5.33,20.6,2,7.3,5,6.74
0.0,6,2.63,1.0,34.809999999999995,10,1.34,5.14,9.7,6,1.7,6,8.4
8.04,5,0.99,0.8,48.56,6,1.13,6.67,40.0,4,7.73,2,20.8
9.89,6,1.28,0.6666666666666666,53.879999999999995,14,0.65,6.51,36.9,4,11.55,2,25.23
5.86,1,1.05,6.0,49.11,11,0.0,4.35,35.2,6,13.85,1,14.57
0.61,7,0.89,0.42857142857142855,37.010000000000005,5,0.85,8.07,8.4,3,2.59,5,7.09
1.44,1,1.68,4.0,40.46,6,0.0,6.05,24.5,4,7.29,2,8.67
0.34,6,0.9,0.6666666666666666,35.39,8,1.14,6.95,9.8,4,2.06,0,7.42
1.75,1,1.48,4.0,41.449999999999996,4,0.0,8.22,20.8,4,6.0,1,7.87
0.88,5,1.64,0.6,35.5,9,0.0,4.95,13.2,3,4.03,3,7.62
1.46,7,2.08,0.7142857142857143,39.36,8,1.06,6.32,15.9,5,4.44,0,10.13
0.62,5,1.72,0.6,36.669999999999995,13,1.17,6.4,25.7,3,2.76,0,7.82
0.38,6,0.82,0.3333333333333333,33.440000000000005,10,1.1,4.81,9.9,2,2.33,1,7.07
2.54,3,1.23,1.6666666666666667,35.65,6,0.0,6.29,11.9,5,1.59,1,8.52
9.69,2,1.98,4.0,55.35999999999999,12,0.9,7.97,35.6,8,10.82,3,22.81
3.32,5,0.86,0.4,40.85,10,0.72,6.79,25.7,2,5.16,6,10.94
0.0,5,1.39,0.6,31.84,9,0.0,5.59,15.8,3,0.86,2,6.62
5.12,7,1.52,0.42857142857142855,46.410000000000004,8,0.0,6.81,35.3,3,8.96,6,15.26
7.15,3,1.45,0.6666666666666666,49.82000000000001,6,0.0,4.92,45.9,2,12.3,4,15.61
6.8,6,1.05,0.3333333333333333,48.47,9,0.0,4.78,25.7,2,11.84,4,17.31
5.63,3,1.36,1.6666666666666667,45.84,8,0.84,6.67,40.6,5,7.34,4,15.74
1.32,1,1.55,5.0,38.53,6,0.0,8.32,11.0,5,3.34,1,7.3
1.33,4,1.11,1.0,42.14,6,0.68,4.17,16.1,4,10.85,4,7.82
0.09,6,0.86,0.6666666666666666,31.38,12,0.0,5.7,14.1,4,0.73,0,5.32
4.97,6,1.04,0.5,44.36999999999999,9,0.0,6.09,40.1,3,8.27,3,14.57
0.06,3,2.08,1.0,36.02,7,1.91,5.0,10.9,3,2.97,2,7.88
3.25,2,2.49,4.5,48.400000000000006,14,3.0,6.88,20.2,9,8.78,2,15.92
11.24,2,1.71,1.0,58.21000000000001,12,2.74,6.45,25.7,2,12.07,2,24.4
0.65,1,1.97,4.0,35.019999999999996,9,0.74,5.78,3.7,4,1.88,1,6.64
3.74,5,1.59,0.8,39.5,4,0.0,5.14,23.8,4,5.03,6,12.78
0.82,2,1.49,1.0,37.8,9,0.53,7.99,9.6,2,2.97,3,7.12
0.0,5,1.88,1.6,37.62,7,1.06,5.46,19.4,8,5.22,3,7.89
0.53,5,1.6,0.8,40.42,5,0.0,5.87,19.7,4,8.42,3,8.26
0.04,4,1.58,1.5,35.9,5,1.19,5.47,18.7,6,3.62,6,6.49
2.07,7,2.3,1.0,37.68,12,0.0,7.41,16.5,7,1.9,1,13.65
5.37,4,1.05,0.75,46.72,8,0.0,6.5,40.2,3,9.8,5,14.14
0.87,7,1.6,1.0,33.64,13,0.59,5.63,15.8,7,0.95,5,9.14
0.0,1,2.72,5.0,38.71,14,2.34,6.12,6.4,5,3.53,5,7.47
7.58,3,1.37,0.6666666666666666,43.26,9,0.0,4.82,34.9,2,5.49,3,16.5
8.17,4,2.09,2.0,51.51,10,0.0,7.51,42.2,8,9.74,6,20.83
3.93,6,1.13,0.3333333333333333,40.14,6,0.0,4.93,26.5,2,6.15,0,12.57
8.79,4,2.54,1.75,53.22,5,0.5,5.59,36.2,7,11.8,5,20.16
11.56,4,0.87,0.75,52.65,10,0.6,7.87,38.6,3,7.75,2,28.54
5.34,4,1.59,0.5,44.11000000000001,4,0.64,4.53,40.2,2,8.01,4,15.51
8.09,2,1.27,2.0,51.72,8,0.0,7.26,39.9,4,11.1,0,18.49
1.38,6,2.18,1.3333333333333333,34.78,8,0.0,6.25,17.1,8,0.97,0,10.15
5.08,5,1.45,0.8,42.61000000000001,11,0.72,6.07,22.9,4,5.29,4,15.33
4.26,5,1.95,0.8,36.66,5,0.0,5.75,23.0,4,0.7,6,12.13
10.09,3,1.37,0.6666666666666666,53.81999999999999,10,0.0,5.37,41.9,2,12.99,3,20.8
7.19,6,1.54,0.8333333333333334,49.529999999999994,11,0.87,4.18,37.4,5,11.75,2,21.1
0.0,1,2.52,9.0,34.1,13,0.59,6.26,13.1,9,0.73,2,7.79
7.16,7,0.96,0.2857142857142857,49.24,11,2.2,3.97,31.7,2,10.95,0,18.65
5.12,7,1.13,1.2857142857142858,48.75,10,0.0,6.74,34.2,9,11.76,6,16.59
6.69,5,0.89,0.8,54.21,10,0.0,9.01,44.4,4,13.62,3,17.68
0.78,6,1.43,0.8333333333333334,43.37,11,0.54,8.19,27.4,5,8.43,4,8.52
1.56,3,1.17,2.0,41.02,12,0.0,8.78,8.4,6,5.51,4,8.9
2.05,4,1.15,0.75,44.11,8,1.78,6.21,22.3,3,8.92,0,10.6
4.0,1,1.81,6.0,47.040000000000006,11,0.85,6.4,40.2,6,9.98,6,13.54
1.13,7,0.2,0.42857142857142855,41.61,10,0.51,6.9,24.4,3,8.87,3,8.33
1.32,6,0.73,1.0,33.36,11,0.0,6.21,12.4,6,1.1,0,8.77
9.1,3,1.56,1.3333333333333333,53.58,8,0.67,5.22,39.0,4,13.03,3,20.44
1.9,3,0.84,1.3333333333333333,42.0,8,1.79,6.19,23.2,4,7.28,3,10.22
2.17,3,2.2,1.6666666666666667,38.22,9,0.64,4.0,19.4,5,5.21,5,10.55
4.61,6,1.05,0.5,47.25,8,0.0,5.72,39.8,3,11.87,5,13.6
4.2,3,1.98,1.0,51.22,8,3.0,5.01,32.1,3,13.03,6,14.38
6.55,3,1.27,1.0,46.68000000000001,13,0.0,2.95,37.4,3,11.91,2,14.63
2.61,4,0.96,1.0,43.16,8,0.0,6.76,24.8,4,8.83,5,9.96
1.44,4,1.65,2.0,40.85,9,0.0,8.6,27.8,8,5.16,2,10.16
0.33,6,1.32,0.6666666666666666,35.08,12,2.56,5.65,13.6,4,1.22,3,8.49
8.05,2,1.1,2.0,51.38,14,1.06,5.55,39.7,4,11.62,0,18.46
2.64,1,1.32,3.0,42.9,11,0.9,7.04,23.8,3,7.0,6,8.18
1.26,5,0.47,0.4,33.8,9,1.08,4.87,6.0,2,2.12,2,8.26
9.78,4,2.05,0.5,52.669999999999995,4,0.91,5.5,34.4,2,10.43,2,22.58
9.29,1,1.32,6.0,55.03999999999999,14,1.16,6.09,46.0,6,13.18,2,21.54
6.61,7,1.84,1.1428571428571428,50.68,8,0.0,7.93,37.4,8,10.3,3,21.41
5.67,5,0.73,1.0,46.129999999999995,13,0.0,5.51,36.0,5,10.22,0,14.81
2.45,5,1.37,0.4,39.17999999999999,4,0.94,5.69,25.4,2,4.73,1,10.91
0.0,7,0.89,0.2857142857142857,32.3,10,0.91,5.3,13.2,2,1.2,1,6.29
9.92,7,1.48,0.5714285714285714,53.35,8,2.27,4.39,39.9,4,11.29,6,27.21
9.52,2,1.27,1.0,52.56999999999999,7,2.23,5.19,42.0,2,10.36,6,19.81
0.75,6,0.91,0.5,33.97,10,0.0,5.71,19.1,3,2.6,3,7.04
0.99,6,0.6,1.0,34.29,9,0.0,6.26,11.8,6,2.44,3,8.29
1.86,2,1.51,1.5,38.4,7,0.0,5.3,22.0,3,5.73,2,9.12
0.0,4,0.39,0.75,33.33,9,0.0,7.22,7.0,3,1.72,0,4.67
0.0,2,1.66,1.5,36.95,14,1.15,7.4,12.1,3,2.74,4,6.09
8.31,2,1.09,1.5,54.080000000000005,5,0.96,7.57,37.3,3,12.15,3,18.02
2.17,3,1.23,2.0,39.4,4,1.06,7.62,12.6,6,3.32,5,9.87
0.0,7,1.46,0.8571428571428571,35.45,10,0.0,8.36,11.0,6,1.63,6,7.07
6.8,2,0.91,4.0,48.64,8,0.0,5.78,37.9,8,11.15,2,15.3
7.25,6,1.89,1.1666666666666667,49.75,12,0.0,4.47,37.6,7,12.14,3,19.72
3.99,2,1.36,2.0,39.77,7,0.0,3.52,25.7,4,6.9,1,10.69
1.14,1,2.6,3.0,38.07,12,0.0,8.08,10.3,3,2.25,4,7.08
5.98,2,1.21,3.0,49.49,9,0.0,7.7,37.0,6,10.6,1,16.08
2.83,4,2.15,0.75,42.18,10,0.0,7.11,24.5,3,6.09,6,10.85
2.96,1,1.24,2.0,39.89,13,0.68,6.26,22.9,2,4.75,2,32.35
5.84,6,2.3,1.0,53.71,7,1.04,6.31,33.9,6,14.22,6,18.95
1.55,2,1.07,1.5,41.43,6,0.0,8.32,22.2,3,6.49,4,7.6
0.21,3,1.24,1.3333333333333333,35.88999999999999,5,1.08,4.28,15.0,4,5.08,4,5.84
10.35,4,1.9,0.75,49.699999999999996,4,0.0,6.37,36.1,3,7.08,5,23.35
1.82,7,0.97,0.2857142857142857,36.54,13,0.88,7.06,18.2,2,1.81,0,10.39
0.0,3,1.87,0.6666666666666666,32.89,5,0.0,4.8,12.8,2,2.22,0,5.34
3.54,6,1.82,1.0,42.31,9,1.07,5.02,16.5,6,6.86,1,14.22
1.04,3,1.36,3.0,40.33,5,0.0,7.79,23.0,9,6.14,2,9.63
0.72,4,2.28,1.75,37.809999999999995,9,0.88,4.94,18.6,7,4.99,6,8.35
3.33,7,0.97,0.7142857142857143,49.309999999999995,10,0.0,7.8,33.9,5,13.21,4,13.91
0.52,2,0.39,1.0,32.63,12,0.0,5.26,0.6,2,2.46,4,4.9
7.84,6,1.27,0.5,48.83,13,0.98,6.15,44.7,3,8.59,4,17.74
9.7,5,0.25,0.8,47.33,5,0.5,5.77,38.0,4,7.11,2,23.66
1.57,2,1.13,2.5,39.38,4,0.0,6.26,23.1,5,6.42,3,8.4
1.61,5,1.09,0.8,34.22,9,0.0,6.13,13.7,4,1.39,3,9.17
0.0,2,1.18,1.5,29.93,7,0.0,4.23,3.9,3,0.52,2,5.24
4.04,7,2.08,0.42857142857142855,43.13999999999999,6,0.0,6.76,24.3,3,6.26,4,14.52
7.74,2,1.43,2.5,46.14,13,0.0,4.41,32.7,5,8.56,3,18.43
2.43,2,1.23,1.0,35.84,9,1.1,5.81,15.5,2,1.27,1,9.54
1.12,5,1.13,0.4,35.8,6,1.12,6.26,12.6,2,2.17,4,7.52
9.31,4,2.03,1.5,53.96,6,0.97,7.68,34.5,6,9.97,0,23.28
2.02,2,2.01,2.0,42.76,9,0.0,6.61,25.6,4,8.12,0,8.2
10.26,6,1.2,0.6666666666666666,56.690000000000005,10,0.63,6.96,37.2,4,13.64,2,26.92
9.14,1,1.09,4.0,51.07,5,0.83,6.55,37.2,4,9.46,2,19.28
2.06,1,1.26,3.0,40.06,7,0.0,7.28,20.5,3,5.46,5,7.96
0.24,5,1.12,1.4,36.81,6,0.0,7.6,33.8,7,3.85,5,8.34
0.0,3,1.23,1.3333333333333333,32.46,7,0.0,3.83,23.9,4,3.4,1,5.5
0.0,7,0.95,0.2857142857142857,36.66,14,0.0,3.16,24.9,2,8.55,1,6.42
2.56,3,1.13,1.3333333333333333,35.31,12,0.0,4.9,28.7,4,2.72,6,9.17
4.74,1,2.14,7.0,47.36,13,0.0,4.54,31.9,7,11.94,1,11.73
3.07,5,2.15,0.4,42.739999999999995,5,0.73,6.26,35.6,2,6.53,5,11.11
4.11,3,0.77,0.6666666666666666,42.5,8,3.0,5.33,30.5,2,5.29,3,12.2
1.23,5,2.28,1.2,38.690000000000005,11,0.0,6.95,16.7,6,4.23,6,9.42
6.46,5,2.45,1.2,49.620000000000005,13,0.63,6.29,38.1,6,9.79,5,17.04
0.32,2,0.8,4.5,33.64,7,0.0,7.43,9.5,9,1.09,6,6.74
0.38,3,1.49,1.6666666666666667,38.49999999999999,9,2.33,6.96,25.8,5,3.34,4,7.25
0.61,3,1.6,0.6666666666666666,32.77,6,0.0,5.05,17.8,2,1.51,2,6.0
2.55,1,2.1,3.0,43.050000000000004,5,0.0,6.46,22.9,3,7.94,2,10.11
0.85,7,1.16,0.42857142857142855,40.129999999999995,12,0.0,7.22,26.7,3,6.9,4,8.1
1.47,7,1.7,0.2857142857142857,37.760000000000005,7,1.08,5.43,15.9,2,4.08,0,9.59
0.15,6,1.01,0.6666666666666666,38.650000000000006,12,1.05,6.85,25.8,4,5.59,5,7.46
7.46,5,1.05,0.6,45.14,5,0.57,3.68,43.9,3,8.38,3,19.24
7.23,7,0.58,0.42857142857142855,50.45,9,0.0,7.53,39.7,3,11.11,0,19.2
5.48,3,0.59,1.0,48.02,4,1.17,7.6,37.3,3,9.18,1,14.27
5.14,6,1.11,0.8333333333333334,40.9,6,0.0,5.22,31.7,5,5.43,5,14.99
4.94,5,2.09,1.8,46.13,7,1.0,6.26,36.4,9,7.84,5,18.24
8.21,2,1.44,4.5,50.61999999999999,11,0.94,5.69,38.6,9,10.34,4,18.81
1.25,2,1.55,1.0,34.18,5,0.59,2.83,25.8,2,3.96,6,6.85
0.76,6,0.82,0.3333333333333333,41.84,9,0.55,8.3,22.6,2,7.41,6,7.59
3.44,5,1.23,0.8,41.78,5,0.97,6.23,19.0,4,5.91,5,11.34
7.72,6,0.98,0.3333333333333333,48.709999999999994,13,2.12,6.43,25.7,2,7.46,4,20.3
0.77,5,1.41,0.8,37.1,4,0.0,6.88,10.4,4,4.04,5,6.71
8.08,4,1.82,0.5,50.830000000000005,10,0.86,5.67,39.2,2,10.4,2,20.54
2.19,5,1.89,0.6,38.93,14,0.0,5.86,20.3,3,4.99,1,11.53
6.77,1,1.88,4.0,44.94,10,0.96,4.08,40.1,4,7.25,1,15.38
0.0,6,1.59,0.6666666666666666,43.050000000000004,13,0.0,7.72,17.7,4,9.74,6,7.15
9.1,4,1.51,0.75,47.839999999999996,9,0.0,3.94,32.4,3,9.29,3,20.81
0.32,6,0.51,0.5,37.620000000000005,13,0.0,6.68,27.1,3,6.11,4,6.48
1.27,5,0.99,0.6,42.21,14,0.89,6.2,28.9,3,8.86,6,8.8
0.0,6,1.39,0.6666666666666666,38.45,10,0.58,7.59,25.1,4,4.89,5,6.72
3.35,5,1.33,1.0,46.79,4,0.0,10.42,25.5,5,7.69,6,12.64
1.4,6,1.4,0.6666666666666666,39.720000000000006,6,0.91,6.42,20.9,4,5.59,5,9.53
1.75,4,2.21,1.75,40.370000000000005,9,0.0,8.63,18.0,7,3.78,4,10.74
